"lower.limit","upper.limit","intrvl.width","intrvl.level","cdf","pvalue","svalue","ci_label","interval_text","excludes_null"
-5.34517230215014,-5.34377084329521,0.00140145885492338,0.001,0.5005,0.999,0.00144341686966872,"0.1% CI","[-5.3452, -5.3438]",TRUE
-5.3458730326783,-5.34307011276705,0.00280291991125736,0.002,0.501,0.998,0.00288827932482651,"0.2% CI","[-5.3459, -5.3431]",TRUE
-5.3465737654079,-5.34236938003745,0.00420438537044099,0.003,0.5015,0.997,0.00433459026389113,"0.3% CI","[-5.3466, -5.3424]",TRUE
-5.34727450143965,-5.3416686440057,0.00560585743395592,0.004,0.502,0.996,0.00578235259400611,"0.4% CI","[-5.3473, -5.3417]",TRUE
-5.34797524187436,-5.340967903571,0.0070073383033602,0.005,0.5025,0.995,0.00723156923107586,"0.5% CI","[-5.348, -5.341]",TRUE
-5.34867598781283,-5.34026715763252,0.00840883018030958,0.006,0.503,0.994,0.00868224309980088,"0.6% CI","[-5.3487, -5.3403]",TRUE
-5.34937674035596,-5.33956640508939,0.00981033526657704,0.007,0.5035,0.993,0.0101343771337132,"0.7% CI","[-5.3494, -5.3396]",TRUE
-5.35007750060472,-5.33886564484063,0.011211855764083,0.008,0.504,0.992,0.0115879742752118,"0.8% CI","[-5.3501, -5.3389]",TRUE
-5.35077826966013,-5.33816487578522,0.0126133938749167,0.009,0.5045,0.991,0.0130430374755989,"0.9% CI","[-5.3508, -5.3382]",TRUE
-5.35147904862336,-5.33746409682199,0.0140149518013644,0.01,0.505,0.99,0.0144995696951151,"1% CI","[-5.3515, -5.3375]",TRUE
-5.35217983859564,-5.33676330684971,0.0154165317459238,0.011,0.5055,0.989,0.0159575739029762,"1.1% CI","[-5.3522, -5.3368]",TRUE
-5.35288064067835,-5.336062504767,0.0168181359113415,0.012,0.506,0.988,0.0174170530774094,"1.2% CI","[-5.3529, -5.3361]",TRUE
-5.35358145597299,-5.33536168947236,0.0182197665006267,0.013,0.5065,0.987,0.0188780102056894,"1.3% CI","[-5.3536, -5.3354]",TRUE
-5.35428228558121,-5.33466085986414,0.0196214257170784,0.014,0.507,0.986,0.0203404482841755,"1.4% CI","[-5.3543, -5.3347]",TRUE
-5.35498313060483,-5.33396001484052,0.0210231157643133,0.015,0.5075,0.985,0.0218043703183484,"1.5% CI","[-5.355, -5.334]",TRUE
-5.35568399214582,-5.33325915329953,0.0224248388462875,0.016,0.508,0.984,0.0232697793228472,"1.6% CI","[-5.3557, -5.3333]",TRUE
-5.35638487130633,-5.33255827413902,0.0238265971673162,0.017,0.5085,0.983,0.0247366783215064,"1.7% CI","[-5.3564, -5.3326]",TRUE
-5.35708576918873,-5.33185737625662,0.0252283929321084,0.018,0.509,0.982,0.026205070347394,"1.8% CI","[-5.3571, -5.3319]",TRUE
-5.35778668689557,-5.33115645854978,0.0266302283457822,0.019,0.5095,0.981,0.0276749584428483,"1.9% CI","[-5.3578, -5.3312]",TRUE
-5.35848762552962,-5.33045551991573,0.0280321056138888,0.02,0.51,0.98,0.0291463456595165,"2% CI","[-5.3585, -5.3305]",TRUE
-5.3591885861939,-5.32975455925145,0.0294340269424467,0.021,0.5105,0.979,0.0306192350583921,"2.1% CI","[-5.3592, -5.3298]",TRUE
-5.35988956999165,-5.3290535754537,0.0308359945379539,0.022,0.511,0.978,0.0320936297098533,"2.2% CI","[-5.3599, -5.3291]",TRUE
-5.36059057802639,-5.32835256741896,0.032238010607422,0.023,0.5115,0.977,0.0335695326937018,"2.3% CI","[-5.3606, -5.3284]",TRUE
-5.36129161140187,-5.32765153404348,0.0336400773583918,0.024,0.512,0.976,0.0350469470992008,"2.4% CI","[-5.3613, -5.3277]",TRUE
-5.36199267122216,-5.32695047422319,0.0350421969989672,0.025,0.5125,0.975,0.036525876025114,"2.5% CI","[-5.362, -5.327]",TRUE
-5.36269375859159,-5.32624938685376,0.0364443717378311,0.026,0.513,0.974,0.0380063225797449,"2.6% CI","[-5.3627, -5.3262]",TRUE
-5.36339487461481,-5.32554827083054,0.0378466037842742,0.027,0.5135,0.973,0.0394882898809755,"2.7% CI","[-5.3634, -5.3255]",TRUE
-5.36409602039678,-5.32484712504857,0.0392488953482193,0.028,0.514,0.972,0.0409717810563062,"2.8% CI","[-5.3641, -5.3248]",TRUE
-5.3647971970428,-5.32414594840255,0.0406512486402448,0.029,0.5145,0.971,0.0424567992428948,"2.9% CI","[-5.3648, -5.3241]",TRUE
-5.36549840565848,-5.32344473978687,0.0420536658716077,0.03,0.515,0.97,0.0439433475875971,"3% CI","[-5.3655, -5.3234]",TRUE
-5.36619964734981,-5.32274349809554,0.0434561492542738,0.031,0.5155,0.969,0.045431429247006,"3.1% CI","[-5.3662, -5.3227]",TRUE
-5.36690092322314,-5.32204222222221,0.0448587010009334,0.032,0.516,0.968,0.0469210473874926,"3.2% CI","[-5.3669, -5.322]",TRUE
-5.36760223438519,-5.32134091106016,0.0462613233250337,0.033,0.5165,0.967,0.0484122051852459,"3.3% CI","[-5.3676, -5.3213]",TRUE
-5.36830358194308,-5.32063956350227,0.0476640184408001,0.034,0.517,0.966,0.0499049058263139,"3.4% CI","[-5.3683, -5.3206]",TRUE
-5.3690049670043,-5.31993817844105,0.049066788563259,0.035,0.5175,0.965,0.0513991525066443,"3.5% CI","[-5.369, -5.3199]",TRUE
-5.36970639067681,-5.31923675476854,0.0504696359082644,0.036,0.518,0.964,0.0528949484321255,"3.6% CI","[-5.3697, -5.3192]",TRUE
-5.37040785406894,-5.31853529137641,0.0518725626925267,0.037,0.5185,0.963,0.0543922968186278,"3.7% CI","[-5.3704, -5.3185]",TRUE
-5.37110935828949,-5.31783378715586,0.0532755711336286,0.038,0.519,0.962,0.0558912008920452,"3.8% CI","[-5.3711, -5.3178]",TRUE
-5.3718109044477,-5.31713224099765,0.0546786634500549,0.039,0.5195,0.961,0.0573916638883367,"3.9% CI","[-5.3718, -5.3171]",TRUE
-5.37251249365328,-5.31643065179207,0.0560818418612179,0.04,0.52,0.96,0.0588936890535686,"4% CI","[-5.3725, -5.3164]",TRUE
-5.37321412701642,-5.31572901842893,0.0574851085874801,0.041,0.5205,0.959,0.0603972796439563,"4.1% CI","[-5.3732, -5.3157]",TRUE
-5.37391580564776,-5.31502733979759,0.0588884658501794,0.042,0.521,0.958,0.0619024389259069,"4.2% CI","[-5.3739, -5.315]",TRUE
-5.3746175306585,-5.31432561478685,0.0602919158716562,0.043,0.5215,0.957,0.0634091701760615,"4.3% CI","[-5.3746, -5.3143]",TRUE
-5.37531930316031,-5.31362384228504,0.0616954608752724,0.044,0.522,0.956,0.0649174766813385,"4.4% CI","[-5.3753, -5.3136]",TRUE
-5.3760211242654,-5.31292202117995,0.0630991030854418,0.045,0.5225,0.955,0.0664273617389761,"4.5% CI","[-5.376, -5.3129]",TRUE
-5.3767229950865,-5.31222015035885,0.0645028447276559,0.046,0.523,0.954,0.0679388286565756,"4.6% CI","[-5.3767, -5.3122]",TRUE
-5.37742491673692,-5.31151822870843,0.0659066880284991,0.047,0.5235,0.953,0.0694518807521452,"4.7% CI","[-5.3774, -5.3115]",TRUE
-5.37812689033052,-5.31081625511483,0.0673106352156871,0.048,0.524,0.952,0.0709665213541436,"4.8% CI","[-5.3781, -5.3108]",TRUE
-5.37882891698172,-5.31011422846363,0.0687146885180834,0.049,0.5245,0.951,0.0724827538015237,"4.9% CI","[-5.3788, -5.3101]",TRUE
-5.37953099780554,-5.30941214763981,0.0701188501657235,0.05,0.525,0.95,0.0740005814437769,"5% CI","[-5.3795, -5.3094]",TRUE
-5.3802331339176,-5.30871001152775,0.0715231223898467,0.051,0.5255,0.949,0.0755200076409777,"5.1% CI","[-5.3802, -5.3087]",TRUE
-5.38093532643413,-5.30800781901122,0.0729275074229143,0.052,0.526,0.948,0.077041035763828,"5.2% CI","[-5.3809, -5.308]",TRUE
-5.381637576472,-5.30730556897336,0.07433200749864,0.053,0.5265,0.947,0.0785636691937021,"5.3% CI","[-5.3816, -5.3073]",TRUE
-5.38233988514868,-5.30660326029667,0.0757366248520075,0.054,0.527,0.946,0.0800879113226919,"5.4% CI","[-5.3823, -5.3066]",TRUE
-5.38304225358233,-5.30590089186302,0.0771413617193062,0.055,0.5275,0.945,0.0816137655536521,"5.5% CI","[-5.383, -5.3059]",TRUE
-5.38374468289175,-5.3051984625536,0.0785462203381471,0.056,0.528,0.944,0.0831412353002459,"5.6% CI","[-5.3837, -5.3052]",TRUE
-5.38444717419642,-5.30449597124893,0.0799512029474947,0.057,0.5285,0.943,0.0846703239869906,"5.7% CI","[-5.3844, -5.3045]",TRUE
-5.38514972861652,-5.30379341682883,0.0813563117876868,0.058,0.529,0.942,0.0862010350493039,"5.8% CI","[-5.3851, -5.3038]",TRUE
-5.38585234727291,-5.30309079817244,0.0827615491004643,0.059,0.5295,0.941,0.0877333719335502,"5.9% CI","[-5.3859, -5.3031]",TRUE
-5.38655503128717,-5.30238811415818,0.0841669171289929,0.06,0.53,0.94,0.0892673380970874,"6% CI","[-5.3866, -5.3024]",TRUE
-5.38725778178162,-5.30168536366373,0.0855724181178932,0.061,0.5305,0.939,0.0908029370083124,"6.1% CI","[-5.3873, -5.3017]",TRUE
-5.38796059987931,-5.30098254556604,0.0869780543132617,0.062,0.531,0.938,0.0923401721467106,"6.2% CI","[-5.388, -5.301]",TRUE
-5.38866348670402,-5.30027965874133,0.0883838279626943,0.063,0.5315,0.937,0.0938790470029001,"6.3% CI","[-5.3887, -5.3003]",TRUE
-5.38936644338034,-5.29957670206501,0.0897897413153217,0.064,0.532,0.936,0.0954195650786826,"6.4% CI","[-5.3894, -5.2996]",TRUE
-5.39006947103359,-5.29887367441176,0.0911957966218218,0.065,0.5325,0.935,0.096961729887088,"6.5% CI","[-5.3901, -5.2989]",TRUE
-5.3907725707899,-5.29817057465544,0.0926019961344604,0.066,0.533,0.934,0.0985055449524252,"6.6% CI","[-5.3908, -5.2982]",TRUE
-5.39147574377623,-5.29746740166912,0.0940083421071005,0.067,0.5335,0.933,0.100051013810328,"6.7% CI","[-5.3915, -5.2975]",TRUE
-5.3921789911203,-5.29676415432505,0.0954148367952428,0.068,0.534,0.932,0.101598140007807,"6.8% CI","[-5.3922, -5.2968]",TRUE
-5.39288231395069,-5.29606083149466,0.096821482456038,0.069,0.5345,0.931,0.103146927103293,"6.9% CI","[-5.3929, -5.2961]",TRUE
-5.39358571339684,-5.29535743204851,0.0982282813483248,0.07,0.535,0.93,0.104697378666693,"7% CI","[-5.3936, -5.2954]",TRUE
-5.394289190589,-5.29465395485635,0.0996352357326487,0.071,0.5355,0.929,0.106249498279434,"7.1% CI","[-5.3943, -5.2947]",TRUE
-5.39499274665832,-5.29395039878703,0.101042347871291,0.072,0.536,0.928,0.107803289534515,"7.2% CI","[-5.395, -5.294]",TRUE
-5.39569638273682,-5.29324676270853,0.102449620028288,0.073,0.5365,0.927,0.109358756036556,"7.3% CI","[-5.3957, -5.2932]",TRUE
-5.39640009995741,-5.29254304548794,0.10385705446947,0.074,0.537,0.926,0.110915901401851,"7.4% CI","[-5.3964, -5.2925]",TRUE
-5.39710389945391,-5.29183924599144,0.105264653462473,0.075,0.5375,0.925,0.112474729258412,"7.5% CI","[-5.3971, -5.2918]",TRUE
-5.39780778236106,-5.29113536308429,0.106672419276778,0.076,0.538,0.924,0.114035243246029,"7.6% CI","[-5.3978, -5.2911]",TRUE
-5.39851174981454,-5.29043139563081,0.108080354183723,0.077,0.5385,0.923,0.115597447016313,"7.7% CI","[-5.3985, -5.2904]",TRUE
-5.39921580295095,-5.2897273424944,0.109488460456543,0.078,0.539,0.922,0.117161344232749,"7.8% CI","[-5.3992, -5.2897]",TRUE
-5.39991994290787,-5.28902320253748,0.110896740370389,0.079,0.5395,0.921,0.118726938570751,"7.9% CI","[-5.3999, -5.289]",TRUE
-5.40062417082385,-5.2883189746215,0.112305196202351,0.08,0.54,0.92,0.120294233717712,"8% CI","[-5.4006, -5.2883]",TRUE
-5.40132848783842,-5.28761465760693,0.113713830231498,0.081,0.5405,0.919,0.121863233373052,"8.1% CI","[-5.4013, -5.2876]",TRUE
-5.40203289509212,-5.28691025035323,0.115122644738886,0.082,0.541,0.918,0.123433941248279,"8.2% CI","[-5.402, -5.2869]",TRUE
-5.40273739372647,-5.28620575171888,0.116531642007599,0.083,0.5415,0.917,0.125006361067033,"8.3% CI","[-5.4027, -5.2862]",TRUE
-5.40344198488406,-5.28550116056129,0.117940824322769,0.084,0.542,0.916,0.126580496565143,"8.4% CI","[-5.4034, -5.2855]",TRUE
-5.40414666970848,-5.28479647573687,0.119350193971606,0.085,0.5425,0.915,0.128156351490682,"8.5% CI","[-5.4041, -5.2848]",TRUE
-5.40485144934438,-5.28409169610097,0.120759753243419,0.086,0.543,0.914,0.129733929604017,"8.6% CI","[-5.4049, -5.2841]",TRUE
-5.4055563249375,-5.28338682050785,0.12216950442965,0.087,0.5435,0.913,0.131313234677865,"8.7% CI","[-5.4056, -5.2834]",TRUE
-5.40626129763462,-5.28268184781073,0.123579449823894,0.088,0.544,0.912,0.132894270497345,"8.8% CI","[-5.4063, -5.2827]",TRUE
-5.40696636858364,-5.28197677686171,0.124989591721933,0.089,0.5445,0.911,0.134477040860036,"8.9% CI","[-5.407, -5.282]",TRUE
-5.40767153893355,-5.2812716065118,0.126399932421757,0.09,0.545,0.91,0.136061549576028,"9% CI","[-5.4077, -5.2813]",TRUE
-5.40837680983447,-5.28056633561088,0.127810474223594,0.091,0.5455,0.909,0.13764780046798,"9.1% CI","[-5.4084, -5.2806]",TRUE
-5.40908218243764,-5.27986096300771,0.129221219429933,0.092,0.546,0.908,0.139235797371172,"9.2% CI","[-5.4091, -5.2799]",TRUE
-5.40978765789546,-5.2791554875499,0.13063217034556,0.093,0.5465,0.907,0.140825544133565,"9.3% CI","[-5.4098, -5.2792]",TRUE
-5.41049323736146,-5.27844990808389,0.132043329277574,0.094,0.547,0.906,0.142417044615852,"9.4% CI","[-5.4105, -5.2784]",TRUE
-5.41119892199039,-5.27774422345496,0.133454698535424,0.095,0.5475,0.905,0.144010302691519,"9.5% CI","[-5.4112, -5.2777]",TRUE
-5.41190471293814,-5.27703843250721,0.134866280430931,0.096,0.548,0.904,0.145605322246899,"9.6% CI","[-5.4119, -5.277]",TRUE
-5.41261061136183,-5.27633253408352,0.136278077278313,0.097,0.5485,0.903,0.147202107181229,"9.7% CI","[-5.4126, -5.2763]",TRUE
-5.41331661841979,-5.27562652702556,0.137690091394223,0.098,0.549,0.902,0.148800661406706,"9.8% CI","[-5.4133, -5.2756]",TRUE
-5.41402273527156,-5.27492041017379,0.139102325097761,0.099,0.5495,0.901,0.150400988848548,"9.9% CI","[-5.414, -5.2749]",TRUE
-5.41472896307794,-5.27421418236741,0.140514780710522,0.1,0.55,0.9,0.15200309344505,"10% CI","[-5.4147, -5.2742]",TRUE
-5.41543530300097,-5.27350784244438,0.141927460556598,0.101,0.5505,0.899,0.15360697914764,"10.1% CI","[-5.4154, -5.2735]",TRUE
-5.41614175620399,-5.27280138924136,0.143340366962629,0.102,0.551,0.898,0.15521264992094,"10.2% CI","[-5.4161, -5.2728]",TRUE
-5.41684832385159,-5.27209482159376,0.144753502257821,0.103,0.5515,0.897,0.156820109742826,"10.3% CI","[-5.4168, -5.2721]",TRUE
-5.41755500710966,-5.27138813833569,0.146166868773971,0.104,0.552,0.896,0.158429362604483,"10.4% CI","[-5.4176, -5.2714]",TRUE
-5.41826180714543,-5.27068133829992,0.147580468845501,0.105,0.5525,0.895,0.160040412510468,"10.5% CI","[-5.4183, -5.2707]",TRUE
-5.41896872512742,-5.26997442031793,0.148994304809481,0.106,0.553,0.894,0.161653263478769,"10.6% CI","[-5.419, -5.27]",TRUE
-5.41967576222551,-5.26926738321984,0.150408379005665,0.107,0.5535,0.893,0.163267919540864,"10.7% CI","[-5.4197, -5.2693]",TRUE
-5.42038291961093,-5.26856022583442,0.151822693776509,0.108,0.554,0.892,0.164884384741782,"10.8% CI","[-5.4204, -5.2686]",TRUE
-5.42109019845628,-5.26785294698907,0.153237251467205,0.109,0.5545,0.891,0.166502663140165,"10.9% CI","[-5.4211, -5.2679]",TRUE
-5.42179759993553,-5.26714554550982,0.154652054425711,0.11,0.555,0.89,0.168122758808327,"11% CI","[-5.4218, -5.2671]",TRUE
-5.42250512522406,-5.26643802022129,0.156067105002775,0.111,0.5555,0.889,0.169744675832317,"11.1% CI","[-5.4225, -5.2664]",TRUE
-5.42321277549866,-5.26573036994669,0.157482405551969,0.112,0.556,0.888,0.171368418311981,"11.2% CI","[-5.4232, -5.2657]",TRUE
-5.42392055193753,-5.26502259350782,0.158897958429709,0.113,0.5565,0.887,0.172993990361023,"11.3% CI","[-5.4239, -5.265]",TRUE
-5.42462845572032,-5.26431468972503,0.160313765995294,0.114,0.557,0.886,0.174621396107069,"11.4% CI","[-5.4246, -5.2643]",TRUE
-5.42533648802814,-5.26360665741721,0.161729830610929,0.115,0.5575,0.885,0.176250639691727,"11.5% CI","[-5.4253, -5.2636]",TRUE
-5.42604465004355,-5.2628984954018,0.163146154641755,0.116,0.558,0.884,0.177881725270655,"11.6% CI","[-5.426, -5.2629]",TRUE
-5.42675294295061,-5.26219020249474,0.164562740455874,0.117,0.5585,0.883,0.179514657013621,"11.7% CI","[-5.4268, -5.2622]",TRUE
-5.42746136793487,-5.26148177751048,0.165979590424389,0.118,0.559,0.882,0.181149439104566,"11.8% CI","[-5.4275, -5.2615]",TRUE
-5.42816992618339,-5.26077321926196,0.167396706921421,0.119,0.5595,0.881,0.182786075741673,"11.9% CI","[-5.4282, -5.2608]",TRUE
-5.42887861888475,-5.2600645265606,0.168814092324146,0.12,0.56,0.88,0.184424571137427,"12% CI","[-5.4289, -5.2601]",TRUE
-5.42958744722909,-5.25935569821626,0.170231749012821,0.121,0.5605,0.879,0.186064929518683,"12.1% CI","[-5.4296, -5.2594]",TRUE
-5.43029641240808,-5.25864673303727,0.171649679370812,0.122,0.561,0.878,0.187707155126729,"12.2% CI","[-5.4303, -5.2586]",TRUE
-5.43100551561499,-5.25793762983036,0.173067885784633,0.123,0.5615,0.877,0.189351252217354,"12.3% CI","[-5.431, -5.2579]",TRUE
-5.43171475804465,-5.2572283874007,0.174486370643959,0.124,0.562,0.876,0.190997225060914,"12.4% CI","[-5.4317, -5.2572]",TRUE
-5.43242414089351,-5.25651900455184,0.175905136341672,0.125,0.5625,0.875,0.192645077942396,"12.5% CI","[-5.4324, -5.2565]",TRUE
-5.43313366535962,-5.25580948008573,0.177324185273884,0.126,0.563,0.874,0.194294815161489,"12.6% CI","[-5.4331, -5.2558]",TRUE
-5.43384333264266,-5.25509981280269,0.178743519839964,0.127,0.5635,0.873,0.195946441032647,"12.7% CI","[-5.4338, -5.2551]",TRUE
-5.43455314394396,-5.25439000150139,0.180163142442572,0.128,0.564,0.872,0.197599959885161,"12.8% CI","[-5.4346, -5.2544]",TRUE
-5.43526310046652,-5.25368004497883,0.181583055487687,0.129,0.5645,0.871,0.199255376063222,"12.9% CI","[-5.4353, -5.2537]",TRUE
-5.435973203415,-5.25296994203035,0.183003261384645,0.13,0.565,0.87,0.200912693925996,"13% CI","[-5.436, -5.253]",TRUE
-5.43668345399575,-5.2522596914496,0.184423762546155,0.131,0.5655,0.869,0.202571917847687,"13.1% CI","[-5.4367, -5.2523]",TRUE
-5.43739385341684,-5.2515492920285,0.18584456138834,0.132,0.566,0.868,0.204233052217608,"13.2% CI","[-5.4374, -5.2515]",TRUE
-5.43810440288806,-5.25083874255729,0.187265660330766,0.133,0.5665,0.867,0.205896101440252,"13.3% CI","[-5.4381, -5.2508]",TRUE
-5.43881510362091,-5.25012804182444,0.188687061796473,0.134,0.567,0.866,0.207561069935362,"13.4% CI","[-5.4388, -5.2501]",TRUE
-5.43952595682867,-5.24941718861668,0.190108768211999,0.135,0.5675,0.865,0.209227962138,"13.5% CI","[-5.4395, -5.2494]",TRUE
-5.44023696372639,-5.24870618171896,0.191530782007421,0.136,0.568,0.864,0.210896782498619,"13.6% CI","[-5.4402, -5.2487]",TRUE
-5.44094812553086,-5.24799501991449,0.192953105616377,0.137,0.5685,0.863,0.212567535483132,"13.7% CI","[-5.4409, -5.248]",TRUE
-5.44165944346073,-5.24728370198462,0.194375741476108,0.138,0.569,0.862,0.214240225572989,"13.8% CI","[-5.4417, -5.2473]",TRUE
-5.44237091873641,-5.24657222670894,0.195798692027473,0.139,0.5695,0.861,0.215914857265243,"13.9% CI","[-5.4424, -5.2466]",TRUE
-5.44308255258017,-5.24586059286518,0.197221959715,0.14,0.57,0.86,0.217591435072627,"14% CI","[-5.4431, -5.2459]",TRUE
-5.44379434621612,-5.24514879922923,0.198645546986898,0.141,0.5705,0.859,0.219269963523624,"14.1% CI","[-5.4438, -5.2451]",TRUE
-5.44450630087023,-5.24443684457512,0.200069456295102,0.142,0.571,0.858,0.220950447162541,"14.2% CI","[-5.4445, -5.2444]",TRUE
-5.44521841777033,-5.24372472767502,0.201493690095303,0.143,0.5715,0.857,0.222632890549587,"14.3% CI","[-5.4452, -5.2437]",TRUE
-5.44593069814616,-5.24301244729919,0.202918250846972,0.144,0.572,0.856,0.22431729826094,"14.4% CI","[-5.4459, -5.243]",TRUE
-5.44664314322937,-5.24230000221598,0.2043431410134,0.145,0.5725,0.855,0.226003674888827,"14.5% CI","[-5.4466, -5.2423]",TRUE
-5.44735575425354,-5.24158739119181,0.205768363061726,0.146,0.573,0.854,0.227692025041597,"14.6% CI","[-5.4474, -5.2416]",TRUE
-5.44806853245416,-5.24087461299119,0.20719391946297,0.147,0.5735,0.853,0.229382353343797,"14.7% CI","[-5.4481, -5.2409]",TRUE
-5.44878147906871,-5.24016166637664,0.208619812692067,0.148,0.574,0.852,0.231074664436249,"14.8% CI","[-5.4488, -5.2402]",TRUE
-5.44949459533662,-5.23944855010873,0.210046045227896,0.149,0.5745,0.851,0.232768962976124,"14.9% CI","[-5.4495, -5.2394]",TRUE
-5.45020788249933,-5.23873526294602,0.211472619553316,0.15,0.575,0.85,0.234465253637023,"15% CI","[-5.4502, -5.2387]",TRUE
-5.45092134180027,-5.23802180364508,0.212899538155193,0.151,0.5755,0.849,0.236163541109049,"15.1% CI","[-5.4509, -5.238]",TRUE
-5.4516349744849,-5.23730817096045,0.214326803524443,0.152,0.576,0.848,0.237863830098888,"15.2% CI","[-5.4516, -5.2373]",TRUE
-5.4523487818007,-5.23659436364465,0.215754418156054,0.153,0.5765,0.847,0.239566125329888,"15.3% CI","[-5.4523, -5.2366]",TRUE
-5.45306276499724,-5.23588038044811,0.217182384549124,0.154,0.577,0.846,0.241270431542137,"15.4% CI","[-5.4531, -5.2359]",TRUE
-5.45377692532612,-5.23516622011923,0.218610705206896,0.155,0.5775,0.845,0.24297675349254,"15.5% CI","[-5.4538, -5.2352]",TRUE
-5.45449126404107,-5.23445188140428,0.220039382636785,0.156,0.578,0.844,0.244685095954902,"15.6% CI","[-5.4545, -5.2345]",TRUE
-5.45520578239788,-5.23373736304747,0.221468419350419,0.157,0.5785,0.843,0.246395463720005,"15.7% CI","[-5.4552, -5.2337]",TRUE
-5.45592048165451,-5.23302266379084,0.222897817863666,0.158,0.579,0.842,0.248107861595691,"15.8% CI","[-5.4559, -5.233]",TRUE
-5.45663536307101,-5.23230778237434,0.224327580696672,0.159,0.5795,0.841,0.249822294406943,"15.9% CI","[-5.4566, -5.2323]",TRUE
-5.45735042790962,-5.23159271753573,0.225757710373895,0.16,0.58,0.84,0.251538766995964,"16% CI","[-5.4574, -5.2316]",TRUE
-5.45806567743474,-5.23087746801061,0.227188209424133,0.161,0.5805,0.839,0.253257284222264,"16.1% CI","[-5.4581, -5.2309]",TRUE
-5.45878111291296,-5.23016203253239,0.228619080380565,0.162,0.581,0.838,0.254977850962736,"16.2% CI","[-5.4588, -5.2302]",TRUE
-5.45949673561307,-5.22944640983228,0.230050325780782,0.163,0.5815,0.837,0.256700472111743,"16.3% CI","[-5.4595, -5.2294]",TRUE
-5.46021254680609,-5.22873059863926,0.231481948166822,0.164,0.582,0.836,0.258425152581204,"16.4% CI","[-5.4602, -5.2287]",TRUE
-5.46092854776528,-5.22801459768007,0.232913950085203,0.165,0.5825,0.835,0.260151897300673,"16.5% CI","[-5.4609, -5.228]",TRUE
-5.46164473976616,-5.22729840567919,0.234346334086963,0.166,0.583,0.834,0.261880711217424,"16.6% CI","[-5.4616, -5.2273]",TRUE
-5.46236112408652,-5.22658202135883,0.235779102727685,0.167,0.5835,0.833,0.26361159929654,"16.7% CI","[-5.4624, -5.2266]",TRUE
-5.46307770200645,-5.2258654434389,0.23721225856754,0.168,0.584,0.832,0.265344566520995,"16.8% CI","[-5.4631, -5.2259]",TRUE
-5.46379447480834,-5.22514867063701,0.238645804171322,0.169,0.5845,0.831,0.267079617891743,"16.9% CI","[-5.4638, -5.2251]",TRUE
-5.46451144377691,-5.22443170166844,0.240079742108477,0.17,0.585,0.83,0.2688167584278,"17% CI","[-5.4645, -5.2244]",TRUE
-5.46522861019925,-5.2237145352461,0.241514074953146,0.171,0.5855,0.829,0.270555993166337,"17.1% CI","[-5.4652, -5.2237]",TRUE
-5.46594597536477,-5.22299717008058,0.242948805284193,0.172,0.586,0.828,0.272297327162762,"17.2% CI","[-5.4659, -5.223]",TRUE
-5.4666635405653,-5.22227960488005,0.244383935685248,0.173,0.5865,0.827,0.274040765490812,"17.3% CI","[-5.4667, -5.2223]",TRUE
-5.46738130709504,-5.22156183835031,0.245819468744735,0.174,0.587,0.826,0.275786313242642,"17.4% CI","[-5.4674, -5.2216]",TRUE
-5.46809927625063,-5.22084386919472,0.247255407055917,0.175,0.5875,0.825,0.277533975528909,"17.5% CI","[-5.4681, -5.2208]",TRUE
-5.46881744933114,-5.22012569611421,0.248691753216926,0.176,0.588,0.824,0.279283757478869,"17.6% CI","[-5.4688, -5.2201]",TRUE
-5.46953582763807,-5.21940731780728,0.250128509830798,0.177,0.5885,0.823,0.281035664240461,"17.7% CI","[-5.4695, -5.2194]",TRUE
-5.47025441247543,-5.21868873296992,0.251565679505513,0.178,0.589,0.822,0.282789700980404,"17.8% CI","[-5.4703, -5.2187]",TRUE
-5.47097320514969,-5.21796994029566,0.253003264854033,0.179,0.5895,0.821,0.284545872884282,"17.9% CI","[-5.471, -5.218]",TRUE
-5.47169220696984,-5.21725093847551,0.254441268494336,0.18,0.59,0.82,0.286304185156641,"18% CI","[-5.4717, -5.2173]",TRUE
-5.4724114192474,-5.21653172619795,0.255879693049449,0.181,0.5905,0.819,0.288064643021078,"18.1% CI","[-5.4724, -5.2165]",TRUE
-5.47313084329642,-5.21581230214893,0.257318541147496,0.182,0.591,0.818,0.289827251720338,"18.2% CI","[-5.4731, -5.2158]",TRUE
-5.47385048043354,-5.21509266501181,0.258757815421726,0.183,0.5915,0.817,0.291592016516404,"18.3% CI","[-5.4739, -5.2151]",TRUE
-5.47457033197795,-5.2143728134674,0.26019751851055,0.184,0.592,0.816,0.293358942690591,"18.4% CI","[-5.4746, -5.2144]",TRUE
-5.47529039925147,-5.21365274619388,0.261637653057587,0.185,0.5925,0.815,0.295128035543647,"18.5% CI","[-5.4753, -5.2137]",TRUE
-5.47601068357852,-5.21293246186683,0.263078221711691,0.186,0.593,0.814,0.29689930039584,"18.6% CI","[-5.476, -5.2129]",TRUE
-5.47673118628618,-5.21221195915917,0.264519227127002,0.187,0.5935,0.813,0.298672742587059,"18.7% CI","[-5.4767, -5.2122]",TRUE
-5.47745190870416,-5.21149123674119,0.265960671962969,0.188,0.594,0.812,0.300448367476911,"18.8% CI","[-5.4775, -5.2115]",TRUE
-5.47817285216487,-5.21077029328048,0.267402558884399,0.189,0.5945,0.811,0.302226180444814,"18.9% CI","[-5.4782, -5.2108]",TRUE
-5.47889401800342,-5.21004912744193,0.268844890561493,0.19,0.595,0.81,0.3040061868901,"19% CI","[-5.4789, -5.21]",TRUE
-5.47961540755762,-5.20932773788773,0.270287669669885,0.191,0.5955,0.809,0.30578839223211,"19.1% CI","[-5.4796, -5.2093]",TRUE
-5.48033702216801,-5.20860612327734,0.271730898890677,0.192,0.596,0.808,0.307572801910292,"19.2% CI","[-5.4803, -5.2086]",TRUE
-5.48105886317792,-5.20788428226743,0.273174580910482,0.193,0.5965,0.807,0.309359421384307,"19.3% CI","[-5.4811, -5.2079]",TRUE
-5.4817809319334,-5.20716221351195,0.274618718421459,0.194,0.597,0.806,0.31114825613412,"19.4% CI","[-5.4818, -5.2072]",TRUE
-5.48250322978336,-5.20643991566199,0.276063314121364,0.195,0.5975,0.805,0.312939311660108,"19.5% CI","[-5.4825, -5.2064]",TRUE
-5.48322575807946,-5.20571738736589,0.277508370713573,0.196,0.598,0.804,0.314732593483158,"19.6% CI","[-5.4832, -5.2057]",TRUE
-5.48394851817624,-5.20499462726911,0.278953890907133,0.197,0.5985,0.803,0.316528107144773,"19.7% CI","[-5.4839, -5.205]",TRUE
-5.48467151143107,-5.20427163401428,0.280399877416794,0.198,0.599,0.802,0.318325858207167,"19.8% CI","[-5.4847, -5.2043]",TRUE
-5.48539473920421,-5.20354840624114,0.281846332963061,0.199,0.5995,0.801,0.320125852253377,"19.9% CI","[-5.4854, -5.2035]",TRUE
-5.48611820285879,-5.20282494258656,0.283293260272224,0.2,0.6,0.8,0.321928094887362,"20% CI","[-5.4861, -5.2028]",TRUE
-5.48684190376087,-5.20210124168448,0.284740662076398,0.201,0.6005,0.799,0.32373259173411,"20.1% CI","[-5.4868, -5.2021]",TRUE
-5.48756584327946,-5.20137730216589,0.286188541113573,0.202,0.601,0.798,0.325539348439741,"20.2% CI","[-5.4876, -5.2014]",TRUE
-5.4882900227865,-5.20065312265885,0.287636900127644,0.203,0.6015,0.797,0.327348370671615,"20.3% CI","[-5.4883, -5.2007]",TRUE
-5.48901444365691,-5.19992870178844,0.289085741868462,0.204,0.602,0.796,0.329159664118438,"20.4% CI","[-5.489, -5.1999]",TRUE
-5.48973910726861,-5.19920403817674,0.290535069091868,0.205,0.6025,0.795,0.330973234490369,"20.5% CI","[-5.4897, -5.1992]",TRUE
-5.49046401500254,-5.19847913044281,0.291984884559739,0.206,0.603,0.794,0.332789087519129,"20.6% CI","[-5.4905, -5.1985]",TRUE
-5.49118916824269,-5.19775397720266,0.293435191040023,0.207,0.6035,0.793,0.334607228958109,"20.7% CI","[-5.4912, -5.1978]",TRUE
-5.49191456837607,-5.19702857706928,0.294885991306792,0.208,0.604,0.792,0.336427664582477,"20.8% CI","[-5.4919, -5.197]",TRUE
-5.49264021679281,-5.19630292865254,0.296337288140275,0.209,0.6045,0.791,0.338250400189295,"20.9% CI","[-5.4926, -5.1963]",TRUE
-5.49336611488613,-5.19557703055922,0.297789084326903,0.21,0.605,0.79,0.340075441597622,"21% CI","[-5.4934, -5.1956]",TRUE
-5.49409226405235,-5.194850881393,0.29924138265935,0.211,0.6055,0.789,0.341902794648628,"21.1% CI","[-5.4941, -5.1949]",TRUE
-5.49481866569097,-5.19412447975438,0.300694185936582,0.212,0.606,0.788,0.343732465205711,"21.2% CI","[-5.4948, -5.1941]",TRUE
-5.49554532120462,-5.19339782424073,0.30214749696389,0.213,0.6065,0.787,0.345564459154601,"21.3% CI","[-5.4955, -5.1934]",TRUE
-5.49627223199915,-5.1926709134462,0.303601318552946,0.214,0.607,0.786,0.347398782403481,"21.4% CI","[-5.4963, -5.1927]",TRUE
-5.49699939948359,-5.19194374596176,0.305055653521832,0.215,0.6075,0.785,0.349235440883098,"21.5% CI","[-5.497, -5.1919]",TRUE
-5.49772682507022,-5.19121632037513,0.306510504695094,0.216,0.608,0.784,0.351074440546879,"21.6% CI","[-5.4977, -5.1912]",TRUE
-5.49845451017457,-5.19048863527078,0.307965874903784,0.217,0.6085,0.783,0.352915787371046,"21.7% CI","[-5.4985, -5.1905]",TRUE
-5.49918245621542,-5.18976068922993,0.3094217669855,0.218,0.609,0.782,0.354759487354735,"21.8% CI","[-5.4992, -5.1898]",TRUE
-5.49991066461489,-5.18903248083046,0.310878183784432,0.219,0.6095,0.781,0.356605546520108,"21.9% CI","[-5.4999, -5.189]",TRUE
-5.50063913679838,-5.18830400864697,0.31233512815141,0.22,0.61,0.78,0.358453970912476,"22% CI","[-5.5006, -5.1883]",TRUE
-5.50136787419465,-5.1875752712507,0.313792602943948,0.221,0.6105,0.779,0.360304766600418,"22.1% CI","[-5.5014, -5.1876]",TRUE
-5.50209687823582,-5.18684626720953,0.315250611026284,0.222,0.611,0.778,0.362157939675895,"22.2% CI","[-5.5021, -5.1868]",TRUE
-5.50282615035739,-5.18611699508796,0.316709155269429,0.223,0.6115,0.777,0.364013496254377,"22.3% CI","[-5.5028, -5.1861]",TRUE
-5.50355569199828,-5.18538745344707,0.318168238551213,0.224,0.612,0.776,0.365871442474959,"22.4% CI","[-5.5036, -5.1854]",TRUE
-5.50428550460084,-5.18465764084451,0.319627863756329,0.225,0.6125,0.775,0.367731784500487,"22.5% CI","[-5.5043, -5.1847]",TRUE
-5.50501558961087,-5.18392755583448,0.32108803377638,0.226,0.613,0.774,0.369594528517677,"22.6% CI","[-5.505, -5.1839]",TRUE
-5.50574594847764,-5.18319719696771,0.322548751509924,0.227,0.6135,0.773,0.37145968073724,"22.7% CI","[-5.5057, -5.1832]",TRUE
-5.50647658265394,-5.18246656279141,0.324010019862524,0.228,0.614,0.772,0.373327247394007,"22.8% CI","[-5.5065, -5.1825]",TRUE
-5.50720749359607,-5.18173565184928,0.32547184174679,0.229,0.6145,0.771,0.375197234747053,"22.9% CI","[-5.5072, -5.1817]",TRUE
-5.50793868276389,-5.18100446268146,0.326934220082425,0.23,0.615,0.77,0.377069649079823,"23% CI","[-5.5079, -5.181]",TRUE
-5.50867015162081,-5.18027299382454,0.32839715779628,0.231,0.6155,0.769,0.37894449670026,"23.1% CI","[-5.5087, -5.1803]",TRUE
-5.50940190163387,-5.17954124381148,0.329860657822396,0.232,0.616,0.768,0.380821783940931,"23.2% CI","[-5.5094, -5.1795]",TRUE
-5.5101339342737,-5.17880921117165,0.331324723102047,0.233,0.6165,0.767,0.382701517159154,"23.3% CI","[-5.5101, -5.1788]",TRUE
-5.51086625101458,-5.17807689443077,0.332789356583801,0.234,0.617,0.766,0.38458370273713,"23.4% CI","[-5.5109, -5.1781]",TRUE
-5.51159885333445,-5.1773442921109,0.334254561223553,0.235,0.6175,0.765,0.386468347082073,"23.5% CI","[-5.5116, -5.1773]",TRUE
-5.51233174271497,-5.17661140273038,0.335720339984585,0.236,0.618,0.764,0.388355456626338,"23.6% CI","[-5.5123, -5.1766]",TRUE
-5.51306492064148,-5.17587822480387,0.337186695837611,0.237,0.6185,0.763,0.390245037827557,"23.7% CI","[-5.5131, -5.1759]",TRUE
-5.51379838860309,-5.17514475684226,0.338653631760822,0.238,0.619,0.762,0.392137097168765,"23.8% CI","[-5.5138, -5.1751]",TRUE
-5.51453214809265,-5.1744109973527,0.340121150739943,0.239,0.6195,0.761,0.394031641158542,"23.9% CI","[-5.5145, -5.1744]",TRUE
-5.51526620060681,-5.17367694483854,0.341589255768275,0.24,0.62,0.76,0.395928676331139,"24% CI","[-5.5153, -5.1737]",TRUE
-5.51600054764605,-5.1729425977993,0.343057949846751,0.241,0.6205,0.759,0.397828209246621,"24.1% CI","[-5.516, -5.1729]",TRUE
-5.51673519071467,-5.17220795473068,0.34452723598398,0.242,0.621,0.758,0.399730246490995,"24.2% CI","[-5.5167, -5.1722]",TRUE
-5.51747013132083,-5.17147301412452,0.345997117196303,0.243,0.6215,0.757,0.401634794676355,"24.3% CI","[-5.5175, -5.1715]",TRUE
-5.5182053709766,-5.17073777446875,0.34746759650784,0.244,0.622,0.756,0.403541860441014,"24.4% CI","[-5.5182, -5.1707]",TRUE
-5.51894091119795,-5.1700022342474,0.348938676950544,0.245,0.6225,0.755,0.405451450449646,"24.5% CI","[-5.5189, -5.17]",TRUE
-5.5196767535048,-5.16926639194055,0.350410361564249,0.246,0.623,0.754,0.407363571393423,"24.6% CI","[-5.5197, -5.1693]",TRUE
-5.52041289942104,-5.16853024602431,0.351882653396721,0.247,0.6235,0.753,0.409278229990159,"24.7% CI","[-5.5204, -5.1685]",TRUE
-5.52114935047453,-5.16779379497082,0.353355555503718,0.248,0.624,0.752,0.41119543298445,"24.8% CI","[-5.5211, -5.1678]",TRUE
-5.52188610819719,-5.16705703724816,0.354829070949027,0.249,0.6245,0.751,0.413115187147815,"24.9% CI","[-5.5219, -5.1671]",TRUE
-5.52262317412494,-5.16631997132041,0.356303202804531,0.25,0.625,0.75,0.415037499278844,"25% CI","[-5.5226, -5.1663]",TRUE
-5.5233605497978,-5.16558259564755,0.357777954150256,0.251,0.6255,0.749,0.416962376203336,"25.1% CI","[-5.5234, -5.1656]",TRUE
-5.52409823675988,-5.16484490868547,0.35925332807442,0.252,0.626,0.748,0.41888982477445,"25.2% CI","[-5.5241, -5.1648]",TRUE
-5.52483623655942,-5.16410690888593,0.360729327673495,0.253,0.6265,0.747,0.42081985187285,"25.3% CI","[-5.5248, -5.1641]",TRUE
-5.5255745507488,-5.16336859469655,0.362205956052248,0.254,0.627,0.746,0.422752464406849,"25.4% CI","[-5.5256, -5.1634]",TRUE
-5.52631318088458,-5.16262996456077,0.363683216323812,0.255,0.6275,0.745,0.424687669312563,"25.5% CI","[-5.5263, -5.1626]",TRUE
-5.52705212852754,-5.16189101691781,0.365161111609723,0.256,0.628,0.744,0.426625473554056,"25.6% CI","[-5.5271, -5.1619]",TRUE
-5.52779139524267,-5.16115175020268,0.366639645039987,0.257,0.6285,0.743,0.428565884123491,"25.7% CI","[-5.5278, -5.1612]",TRUE
-5.52853098259924,-5.16041216284611,0.368118819753127,0.258,0.629,0.742,0.430508908041284,"25.8% CI","[-5.5285, -5.1604]",TRUE
-5.5292708921708,-5.15967225327455,0.369598638896242,0.259,0.6295,0.741,0.432454552356253,"25.9% CI","[-5.5293, -5.1597]",TRUE
-5.53001112553521,-5.15893201991014,0.371079105625064,0.26,0.63,0.74,0.434402824145775,"26% CI","[-5.53, -5.1589]",TRUE
-5.53075168427468,-5.15819146117067,0.372560223104006,0.261,0.6305,0.739,0.436353730515936,"26.1% CI","[-5.5308, -5.1582]",TRUE
-5.53149256997579,-5.15745057546956,0.37404199450623,0.262,0.631,0.738,0.438307278601691,"26.2% CI","[-5.5315, -5.1575]",TRUE
-5.53223378422952,-5.15670936121583,0.375524423013692,0.263,0.6315,0.737,0.440263475567017,"26.3% CI","[-5.5322, -5.1567]",TRUE
-5.53297532863128,-5.15596781681407,0.377007511817204,0.264,0.632,0.736,0.442222328605074,"26.4% CI","[-5.533, -5.156]",TRUE
-5.53371720478092,-5.15522594066443,0.378491264116496,0.265,0.6325,0.735,0.44418384493836,"26.5% CI","[-5.5337, -5.1552]",TRUE
-5.53445941428281,-5.15448373116254,0.379975683120261,0.266,0.633,0.734,0.446148031818874,"26.6% CI","[-5.5345, -5.1545]",TRUE
-5.53520195874579,-5.15374118669956,0.381460772046225,0.267,0.6335,0.733,0.448114896528275,"26.7% CI","[-5.5352, -5.1537]",TRUE
-5.53594483978327,-5.15299830566208,0.382946534121199,0.268,0.634,0.732,0.450084446378045,"26.8% CI","[-5.5359, -5.153]",TRUE
-5.53668805901324,-5.15225508643211,0.384432972581138,0.269,0.6345,0.731,0.45205668870965,"26.9% CI","[-5.5367, -5.1523]",TRUE
-5.53743161805828,-5.15151152738707,0.385920090671201,0.27,0.635,0.73,0.454031630894707,"27% CI","[-5.5374, -5.1515]",TRUE
-5.53817551854558,-5.15076762689977,0.387407891645807,0.271,0.6355,0.729,0.45600928033515,"27.1% CI","[-5.5382, -5.1508]",TRUE
-5.53891976210703,-5.15002338333832,0.388896378768704,0.272,0.636,0.728,0.457989644463391,"27.2% CI","[-5.5389, -5.15]",TRUE
-5.53966435037918,-5.14927879506617,0.390385555313015,0.273,0.6365,0.727,0.459972730742493,"27.3% CI","[-5.5397, -5.1493]",TRUE
-5.54040928500333,-5.14853386044202,0.391875424561308,0.274,0.637,0.726,0.461958546666336,"27.4% CI","[-5.5404, -5.1485]",TRUE
-5.5411545676255,-5.14778857781985,0.393365989805654,0.275,0.6375,0.725,0.46394709975979,"27.5% CI","[-5.5412, -5.1478]",TRUE
-5.54190019989652,-5.14704294554883,0.394857254347686,0.276,0.638,0.724,0.465938397578882,"27.6% CI","[-5.5419, -5.147]",TRUE
-5.54264618347201,-5.14629696197334,0.396349221498667,0.277,0.6385,0.723,0.467932447710969,"27.7% CI","[-5.5426, -5.1463]",TRUE
-5.54339252001245,-5.1455506254329,0.397841894579541,0.278,0.639,0.722,0.469929257774916,"27.8% CI","[-5.5434, -5.1456]",TRUE
-5.54413921118318,-5.14480393426217,0.399335276921006,0.279,0.6395,0.721,0.471928835421265,"27.9% CI","[-5.5441, -5.1448]",TRUE
-5.54488625865446,-5.14405688679089,0.400829371863569,0.28,0.64,0.72,0.473931188332412,"28% CI","[-5.5449, -5.1441]",TRUE
-5.54563366410148,-5.14330948134387,0.402324182757612,0.281,0.6405,0.719,0.475936324222789,"28.1% CI","[-5.5456, -5.1433]",TRUE
-5.5463814292044,-5.14256171624095,0.403819712963452,0.282,0.641,0.718,0.477944250839036,"28.2% CI","[-5.5464, -5.1426]",TRUE
-5.54712955564838,-5.14181358979697,0.405315965851413,0.283,0.6415,0.717,0.479954975960182,"28.3% CI","[-5.5471, -5.1418]",TRUE
-5.54787804512361,-5.14106510032174,0.40681294480188,0.284,0.642,0.716,0.481968507397831,"28.4% CI","[-5.5479, -5.1411]",TRUE
-5.54862689932536,-5.14031624611999,0.408310653205369,0.285,0.6425,0.715,0.483984852996335,"28.5% CI","[-5.5486, -5.1403]",TRUE
-5.54937611995397,-5.13956702549138,0.40980909446259,0.286,0.643,0.714,0.486004020632987,"28.6% CI","[-5.5494, -5.1396]",TRUE
-5.55012570871493,-5.13881743673042,0.411308271984515,0.287,0.6435,0.713,0.488026018218199,"28.7% CI","[-5.5501, -5.1388]",TRUE
-5.55087566731889,-5.13806747812646,0.412808189192438,0.288,0.644,0.712,0.490050853695689,"28.8% CI","[-5.5509, -5.1381]",TRUE
-5.5516259974817,-5.13731714796365,0.414308849518045,0.289,0.6445,0.711,0.492078535042672,"28.9% CI","[-5.5516, -5.1373]",TRUE
-5.55237670092442,-5.13656644452093,0.415810256403486,0.29,0.645,0.71,0.494109070270043,"29% CI","[-5.5524, -5.1366]",TRUE
-5.55312777937339,-5.13581536607196,0.417312413301426,0.291,0.6455,0.709,0.496142467422571,"29.1% CI","[-5.5531, -5.1358]",TRUE
-5.55387923456024,-5.13506391088511,0.418815323675132,0.292,0.646,0.708,0.49817873457909,"29.2% CI","[-5.5539, -5.1351]",TRUE
-5.55463106822194,-5.13431207722341,0.420318990998524,0.293,0.6465,0.707,0.500217879852688,"29.3% CI","[-5.5546, -5.1343]",TRUE
-5.5553832821008,-5.13355986334455,0.421823418756253,0.294,0.647,0.706,0.502259911390907,"29.4% CI","[-5.5554, -5.1336]",TRUE
-5.55613587794456,-5.13280726750079,0.423328610443766,0.295,0.6475,0.705,0.504304837375931,"29.5% CI","[-5.5561, -5.1328]",TRUE
-5.55688885750636,-5.13205428793899,0.424834569567377,0.296,0.648,0.704,0.50635266602479,"29.6% CI","[-5.5569, -5.1321]",TRUE
-5.55764222254484,-5.13130092290051,0.426341299644333,0.297,0.6485,0.703,0.508403405589552,"29.7% CI","[-5.5576, -5.1313]",TRUE
-5.55839597482412,-5.13054717062123,0.427848804202888,0.298,0.649,0.702,0.510457064357526,"29.8% CI","[-5.5584, -5.1305]",TRUE
-5.55915011611386,-5.12979302933149,0.429357086782373,0.299,0.6495,0.701,0.512513650651464,"29.9% CI","[-5.5592, -5.1298]",TRUE
-5.5599046481893,-5.12903849725605,0.430866150933259,0.3,0.65,0.7,0.514573172829758,"30% CI","[-5.5599, -5.129]",TRUE
-5.5606595728313,-5.12828357261405,0.432376000217243,0.301,0.6505,0.699,0.51663563928665,"30.1% CI","[-5.5607, -5.1283]",TRUE
-5.56141489182633,-5.12752825361902,0.433886638207303,0.302,0.651,0.698,0.518701058452435,"30.2% CI","[-5.5614, -5.1275]",TRUE
-5.56217060696657,-5.12677253847878,0.435398068487785,0.303,0.6515,0.697,0.520769438793664,"30.3% CI","[-5.5622, -5.1268]",TRUE
-5.56292672004991,-5.12601642539544,0.436910294654469,0.304,0.652,0.696,0.522840788813359,"30.4% CI","[-5.5629, -5.126]",TRUE
-5.56368323287999,-5.12525991256536,0.438423320314637,0.305,0.6525,0.695,0.524915117051217,"30.5% CI","[-5.5637, -5.1253]",TRUE
-5.56444014726625,-5.1245029981791,0.439937149087159,0.306,0.653,0.694,0.526992432083826,"30.6% CI","[-5.5644, -5.1245]",TRUE
-5.56519746502395,-5.1237456804214,0.441451784602551,0.307,0.6535,0.693,0.529072742524873,"30.7% CI","[-5.5652, -5.1237]",TRUE
-5.56595518797421,-5.12298795747114,0.442967230503069,0.308,0.654,0.692,0.531156057025363,"30.8% CI","[-5.566, -5.123]",TRUE
-5.56671331794406,-5.12222982750129,0.444483490442765,0.309,0.6545,0.691,0.533242384273828,"30.9% CI","[-5.5667, -5.1222]",TRUE
-5.56747185676646,-5.12147128867889,0.446000568087578,0.31,0.655,0.69,0.535331732996556,"31% CI","[-5.5675, -5.1215]",TRUE
-5.56823080628038,-5.12071233916497,0.447518467115401,0.311,0.6555,0.689,0.537424111957796,"31.1% CI","[-5.5682, -5.1207]",TRUE
-5.56899016833075,-5.1199529771146,0.449037191216156,0.312,0.656,0.688,0.539519529959989,"31.2% CI","[-5.569, -5.12]",TRUE
-5.56974994476862,-5.11919320067673,0.45055674409188,0.313,0.6565,0.687,0.541617995843987,"31.3% CI","[-5.5697, -5.1192]",TRUE
-5.57051013745107,-5.11843300799428,0.452077129456798,0.314,0.657,0.686,0.543719518489275,"31.4% CI","[-5.5705, -5.1184]",TRUE
-5.57127074824137,-5.11767239720398,0.453598351037396,0.315,0.6575,0.685,0.545824106814198,"31.5% CI","[-5.5713, -5.1177]",TRUE
-5.57203177900893,-5.11691136643642,0.455120412572509,0.316,0.658,0.684,0.547931769776189,"31.6% CI","[-5.572, -5.1169]",TRUE
-5.57279323162937,-5.11614991381598,0.45664331781339,0.317,0.6585,0.683,0.550042516371997,"31.7% CI","[-5.5728, -5.1161]",TRUE
-5.57355510798458,-5.11538803746077,0.458167070523803,0.318,0.659,0.682,0.552156355637915,"31.8% CI","[-5.5736, -5.1154]",TRUE
-5.57431740996272,-5.11462573548263,0.459691674480087,0.319,0.6595,0.681,0.554273296650016,"31.9% CI","[-5.5743, -5.1146]",TRUE
-5.5750801394583,-5.11386300598705,0.461217133471253,0.32,0.66,0.68,0.556393348524385,"32% CI","[-5.5751, -5.1139]",TRUE
-5.5758432983722,-5.11309984707315,0.462743451299051,0.321,0.6605,0.679,0.558516520417355,"32.1% CI","[-5.5758, -5.1131]",TRUE
-5.57660688861171,-5.11233625683364,0.464270631778062,0.322,0.661,0.678,0.560642821525743,"32.2% CI","[-5.5766, -5.1123]",TRUE
-5.57737091209056,-5.11157223335479,0.465798678735773,0.323,0.6615,0.677,0.56277226108709,"32.3% CI","[-5.5774, -5.1116]",TRUE
-5.57813537072901,-5.11080777471634,0.467327596012668,0.324,0.662,0.676,0.564904848379903,"32.4% CI","[-5.5781, -5.1108]",TRUE
-5.57890026645383,-5.11004287899152,0.468857387462304,0.325,0.6625,0.675,0.567040592723894,"32.5% CI","[-5.5789, -5.11]",TRUE
-5.57966560119837,-5.10927754424698,0.4703880569514,0.326,0.663,0.674,0.569179503480229,"32.6% CI","[-5.5797, -5.1093]",TRUE
-5.58043137690263,-5.10851176854272,0.471919608359919,0.327,0.6635,0.673,0.57132159005177,"32.7% CI","[-5.5804, -5.1085]",TRUE
-5.58119759551325,-5.1077455499321,0.473452045581153,0.328,0.664,0.672,0.573466861883327,"32.8% CI","[-5.5812, -5.1077]",TRUE
-5.58196425898358,-5.10697888646177,0.474985372521811,0.329,0.6645,0.671,0.575615328461903,"32.9% CI","[-5.582, -5.107]",TRUE
-5.58273136927373,-5.10621177617162,0.476519593102106,0.33,0.665,0.67,0.577766999316952,"33% CI","[-5.5827, -5.1062]",TRUE
-5.58349892835059,-5.10544421709476,0.478054711255838,0.331,0.6655,0.669,0.579921884020626,"33.1% CI","[-5.5835, -5.1054]",TRUE
-5.58426693818792,-5.10467620725743,0.479590730930484,0.332,0.666,0.668,0.582079992188035,"33.2% CI","[-5.5843, -5.1047]",TRUE
-5.58503540076632,-5.10390774467903,0.481127656087287,0.333,0.6665,0.667,0.584241333477502,"33.3% CI","[-5.585, -5.1039]",TRUE
-5.58580431807335,-5.103138827372,0.482665490701345,0.334,0.667,0.666,0.586405917590825,"33.4% CI","[-5.5858, -5.1031]",TRUE
-5.58657369210352,-5.10236945334183,0.484204238761695,0.335,0.6675,0.665,0.588573754273535,"33.5% CI","[-5.5866, -5.1024]",TRUE
-5.58734352485838,-5.10159962058697,0.485743904271414,0.336,0.668,0.664,0.590744853315162,"33.6% CI","[-5.5873, -5.1016]",TRUE
-5.58811381834652,-5.10082932709883,0.487284491247699,0.337,0.6685,0.663,0.592919224549499,"33.7% CI","[-5.5881, -5.1008]",TRUE
-5.58888457458366,-5.10005857086169,0.488826003721964,0.338,0.669,0.662,0.59509687785487,"33.8% CI","[-5.5889, -5.1001]",TRUE
-5.58965579559264,-5.09928734985271,0.490368445739929,0.339,0.6695,0.661,0.597277823154395,"33.9% CI","[-5.5897, -5.0993]",TRUE
-5.59042748340353,-5.09851566204182,0.491911821361713,0.34,0.67,0.66,0.599462070416271,"34% CI","[-5.5904, -5.0985]",TRUE
-5.59119964005364,-5.09774350539171,0.493456134661933,0.341,0.6705,0.659,0.601649629654035,"34.1% CI","[-5.5912, -5.0977]",TRUE
-5.59197226758757,-5.09697087785778,0.49500138972979,0.342,0.671,0.658,0.603840510926846,"34.2% CI","[-5.592, -5.097]",TRUE
-5.59274536805726,-5.09619777738809,0.496547590669167,0.343,0.6715,0.657,0.606034724339757,"34.3% CI","[-5.5927, -5.0962]",TRUE
-5.59351894352204,-5.09542420192331,0.498094741598724,0.344,0.672,0.656,0.608232280044003,"34.4% CI","[-5.5935, -5.0954]",TRUE
-5.59429299604867,-5.09465014939668,0.499642846651996,0.345,0.6725,0.655,0.610433188237274,"34.5% CI","[-5.5943, -5.0947]",TRUE
-5.59506752771142,-5.09387561773393,0.501191909977484,0.346,0.673,0.654,0.612637459164004,"34.6% CI","[-5.5951, -5.0939]",TRUE
-5.59584254059205,-5.0931006048533,0.50274193573876,0.347,0.6735,0.653,0.614845103115656,"34.7% CI","[-5.5958, -5.0931]",TRUE
-5.59661803677995,-5.0923251086654,0.504292928114557,0.348,0.674,0.652,0.61705613043101,"34.8% CI","[-5.5966, -5.0923]",TRUE
-5.59739401837211,-5.09154912707324,0.505844891298874,0.349,0.6745,0.651,0.619270551496451,"34.9% CI","[-5.5974, -5.0915]",TRUE
-5.59817048747321,-5.09077265797214,0.507397829501075,0.35,0.675,0.65,0.62148837674627,"35% CI","[-5.5982, -5.0908]",TRUE
-5.59894744619567,-5.08999569924968,0.50895174694598,0.351,0.6755,0.649,0.623709616662948,"35.1% CI","[-5.5989, -5.09]",TRUE
-5.59972489665967,-5.08921824878568,0.510506647873981,0.352,0.676,0.648,0.625934281777462,"35.2% CI","[-5.5997, -5.0892]",TRUE
-5.60050284099324,-5.08844030445211,0.512062536541132,0.353,0.6765,0.647,0.62816238266958,"35.3% CI","[-5.6005, -5.0884]",TRUE
-5.6012812813323,-5.08766186411305,0.513619417219253,0.354,0.677,0.646,0.630393929968162,"35.4% CI","[-5.6013, -5.0877]",TRUE
-5.60206021982069,-5.08688292562466,0.515177294196038,0.355,0.6775,0.645,0.63262893435147,"35.5% CI","[-5.6021, -5.0869]",TRUE
-5.60283965861025,-5.0861034868351,0.516736171775152,0.356,0.678,0.644,0.63486740654747,"35.6% CI","[-5.6028, -5.0861]",TRUE
-5.60361959986085,-5.0853235455845,0.518296054276343,0.357,0.6785,0.643,0.63710935733414,"35.7% CI","[-5.6036, -5.0853]",TRUE
-5.60440004574045,-5.0845430997049,0.51985694603554,0.358,0.679,0.642,0.639354797539784,"35.8% CI","[-5.6044, -5.0845]",TRUE
-5.60518099842516,-5.08376214702019,0.521418851404967,0.359,0.6795,0.641,0.641603738043346,"35.9% CI","[-5.6052, -5.0838]",TRUE
-5.60596246009929,-5.08298068534606,0.522981774753239,0.36,0.68,0.64,0.643856189774725,"36% CI","[-5.606, -5.083]",TRUE
-5.60674443295542,-5.08219871248993,0.524545720465483,0.361,0.6805,0.639,0.646112163715093,"36.1% CI","[-5.6067, -5.0822]",TRUE
-5.60752691919439,-5.08141622625096,0.526110692943431,0.362,0.681,0.638,0.648371670897218,"36.2% CI","[-5.6075, -5.0814]",TRUE
-5.60830992102545,-5.0806332244199,0.527676696605544,0.363,0.6815,0.637,0.650634722405787,"36.3% CI","[-5.6083, -5.0806]",TRUE
-5.60909344066623,-5.07984970477912,0.529243735887115,0.364,0.682,0.636,0.652901329377732,"36.4% CI","[-5.6091, -5.0798]",TRUE
-5.60987748034286,-5.07906566510249,0.530811815240376,0.365,0.6825,0.635,0.655171503002559,"36.5% CI","[-5.6099, -5.0791]",TRUE
-5.61066204228999,-5.07828110315536,0.532380939134621,0.366,0.683,0.634,0.65744525452268,"36.6% CI","[-5.6107, -5.0783]",TRUE
-5.61144712875083,-5.07749601669452,0.533951112056304,0.367,0.6835,0.633,0.659722595233746,"36.7% CI","[-5.6114, -5.0775]",TRUE
-5.61223274197726,-5.07671040346809,0.535522338509162,0.368,0.684,0.632,0.662003536484984,"36.8% CI","[-5.6122, -5.0767]",TRUE
-5.61301888422984,-5.07592426121551,0.537094623014331,0.369,0.6845,0.631,0.664288089679538,"36.9% CI","[-5.613, -5.0759]",TRUE
-5.6138055577779,-5.07513758766745,0.538667970110454,0.37,0.685,0.63,0.666576266274808,"37% CI","[-5.6138, -5.0751]",TRUE
-5.61459276489957,-5.07435038054578,0.540242384353798,0.371,0.6855,0.629,0.668868077782798,"37.1% CI","[-5.6146, -5.0744]",TRUE
-5.61538050788186,-5.07356263756349,0.541817870318372,0.372,0.686,0.628,0.67116353577046,"37.2% CI","[-5.6154, -5.0736]",TRUE
-5.6161687890207,-5.07277435642465,0.543394432596051,0.373,0.6865,0.627,0.673462651860048,"37.3% CI","[-5.6162, -5.0728]",TRUE
-5.61695761062102,-5.07198553482433,0.544972075796684,0.374,0.687,0.626,0.675765437729469,"37.4% CI","[-5.617, -5.072]",TRUE
-5.61774697499678,-5.07119617044857,0.546550804548216,0.375,0.6875,0.625,0.678071905112638,"37.5% CI","[-5.6177, -5.0712]",TRUE
-5.61853688447108,-5.07040626097427,0.548130623496816,0.376,0.688,0.624,0.680382065799839,"37.6% CI","[-5.6185, -5.0704]",TRUE
-5.61932734137617,-5.06961580406918,0.549711537306987,0.377,0.6885,0.623,0.682695931638085,"37.7% CI","[-5.6193, -5.0696]",TRUE
-5.62011834805352,-5.06882479739183,0.551293550661697,0.378,0.689,0.622,0.685013514531485,"37.8% CI","[-5.6201, -5.0688]",TRUE
-5.62090990685392,-5.06803323859143,0.552876668262497,0.379,0.6895,0.621,0.687334826441606,"37.9% CI","[-5.6209, -5.068]",TRUE
-5.6217020201375,-5.06724112530785,0.554460894829647,0.38,0.69,0.62,0.68965987938785,"38% CI","[-5.6217, -5.0672]",TRUE
-5.6224946902738,-5.06644845517155,0.55604623510224,0.381,0.6905,0.619,0.691988685447822,"38.1% CI","[-5.6225, -5.0664]",TRUE
-5.62328791964184,-5.06565522580351,0.557632693838329,0.382,0.691,0.618,0.694321256757713,"38.2% CI","[-5.6233, -5.0657]",TRUE
-5.6240817106302,-5.06486143481515,0.559220275815052,0.383,0.6915,0.617,0.696657605512669,"38.3% CI","[-5.6241, -5.0649]",TRUE
-5.62487606563706,-5.06406707980829,0.560808985828764,0.384,0.692,0.616,0.698997743967186,"38.4% CI","[-5.6249, -5.0641]",TRUE
-5.62567098707025,-5.0632721583751,0.562398828695157,0.385,0.6925,0.615,0.701341684435485,"38.5% CI","[-5.6257, -5.0633]",TRUE
-5.62646647734738,-5.06247666809797,0.563989809249401,0.386,0.693,0.614,0.703689439291908,"38.6% CI","[-5.6265, -5.0625]",TRUE
-5.62726253889581,-5.06168060654954,0.565581932346266,0.387,0.6935,0.613,0.706041020971306,"38.7% CI","[-5.6273, -5.0617]",TRUE
-5.62805917415281,-5.06088397129254,0.567175202860261,0.388,0.694,0.612,0.708396441969435,"38.8% CI","[-5.6281, -5.0609]",TRUE
-5.62885638556555,-5.0600867598798,0.568769625685757,0.389,0.6945,0.611,0.710755714843358,"38.9% CI","[-5.6289, -5.0601]",TRUE
-5.62965417559124,-5.05928896985411,0.570365205737132,0.39,0.695,0.61,0.713118852211838,"39% CI","[-5.6297, -5.0593]",TRUE
-5.63045254669712,-5.05849059874823,0.571961947948898,0.391,0.6955,0.609,0.715485866755755,"39.1% CI","[-5.6305, -5.0585]",TRUE
-5.6312515013606,-5.05769164408476,0.573559857275839,0.392,0.696,0.608,0.717856771218502,"39.2% CI","[-5.6313, -5.0577]",TRUE
-5.63205104206925,-5.0568921033761,0.575158938693152,0.393,0.6965,0.607,0.720231578406405,"39.3% CI","[-5.6321, -5.0569]",TRUE
-5.63285117132096,-5.05609197412439,0.576759197196576,0.394,0.697,0.606,0.722610301189136,"39.4% CI","[-5.6329, -5.0561]",TRUE
-5.63365189162395,-5.0552912538214,0.578360637802545,0.395,0.6975,0.605,0.72499295250013,"39.5% CI","[-5.6337, -5.0553]",TRUE
-5.63445320549683,-5.05448993994852,0.57996326554831,0.396,0.698,0.604,0.727379545337008,"39.6% CI","[-5.6345, -5.0545]",TRUE
-5.63525511546872,-5.05368802997663,0.581567085492098,0.397,0.6985,0.603,0.729770092762002,"39.7% CI","[-5.6353, -5.0537]",TRUE
-5.6360576240793,-5.05288552136605,0.583172102713247,0.398,0.699,0.602,0.732164607902385,"39.8% CI","[-5.6361, -5.0529]",TRUE
-5.63686073387885,-5.0520824115665,0.584778322312342,0.399,0.6995,0.601,0.734563103950902,"39.9% CI","[-5.6369, -5.0521]",TRUE
-5.63766444742836,-5.05127869801699,0.586385749411372,0.4,0.7,0.6,0.736965594166206,"40% CI","[-5.6377, -5.0513]",TRUE
-5.63846876729961,-5.05047437814574,0.587994389153875,0.401,0.7005,0.599,0.739372091873301,"40.1% CI","[-5.6385, -5.0505]",TRUE
-5.63927369607521,-5.04966944937014,0.589604246705074,0.402,0.701,0.598,0.741782610463982,"40.2% CI","[-5.6393, -5.0497]",TRUE
-5.64007923634869,-5.04886390909666,0.591215327252035,0.403,0.7015,0.597,0.744197163397282,"40.3% CI","[-5.6401, -5.0489]",TRUE
-5.64088539072458,-5.04805775472077,0.592827636003816,0.404,0.702,0.596,0.746615764199925,"40.4% CI","[-5.6409, -5.0481]",TRUE
-5.64169216181848,-5.04725098362687,0.594441178191611,0.405,0.7025,0.595,0.749038426466781,"40.5% CI","[-5.6417, -5.0473]",TRUE
-5.64249955225713,-5.04644359318822,0.596055959068909,0.406,0.703,0.594,0.751465163861321,"40.6% CI","[-5.6425, -5.0464]",TRUE
-5.6433075646785,-5.04563558076685,0.597671983911642,0.407,0.7035,0.593,0.753895990116083,"40.7% CI","[-5.6433, -5.0456]",TRUE
-5.64411620173185,-5.0448269437135,0.599289258018342,0.408,0.704,0.592,0.756330919033137,"40.8% CI","[-5.6441, -5.0448]",TRUE
-5.64492546607782,-5.04401767936753,0.600907786710296,0.409,0.7045,0.591,0.758769964484555,"40.9% CI","[-5.6449, -5.044]",TRUE
-5.64573536038853,-5.04320778505682,0.602527575331704,0.41,0.705,0.59,0.761213140412883,"41% CI","[-5.6457, -5.0432]",TRUE
-5.64654588734759,-5.04239725809776,0.604148629249831,0.411,0.7055,0.589,0.763660460831626,"41.1% CI","[-5.6465, -5.0424]",TRUE
-5.64735704965026,-5.04158609579509,0.605770953855176,0.412,0.706,0.588,0.766111939825722,"41.2% CI","[-5.6474, -5.0416]",TRUE
-5.64816885000349,-5.04077429544186,0.607394554561623,0.413,0.7065,0.587,0.768567591552035,"41.3% CI","[-5.6482, -5.0408]",TRUE
-5.64898129112598,-5.03996185431937,0.609019436806609,0.414,0.707,0.586,0.771027430239839,"41.4% CI","[-5.649, -5.04]",TRUE
-5.64979437574832,-5.03914876969703,0.610645606051284,0.415,0.7075,0.585,0.77349147019132,"41.5% CI","[-5.6498, -5.0391]",TRUE
-5.65060810661301,-5.03833503883234,0.612273067780679,0.416,0.708,0.584,0.77595972578207,"41.6% CI","[-5.6506, -5.0383]",TRUE
-5.65142248647461,-5.03752065897074,0.61390182750387,0.417,0.7085,0.583,0.778432211461591,"41.7% CI","[-5.6514, -5.0375]",TRUE
-5.65223751809974,-5.0367056273456,0.61553189075414,0.418,0.709,0.582,0.780908941753803,"41.8% CI","[-5.6522, -5.0367]",TRUE
-5.65305320426725,-5.0358899411781,0.617163263089159,0.419,0.7095,0.581,0.783389931257558,"41.9% CI","[-5.6531, -5.0359]",TRUE
-5.65386954776825,-5.0350735976771,0.618795950091144,0.42,0.71,0.58,0.785875194647152,"42% CI","[-5.6539, -5.0351]",TRUE
-5.65468655140619,-5.03425659403916,0.620429957367035,0.421,0.7105,0.579,0.78836474667285,"42.1% CI","[-5.6547, -5.0343]",TRUE
-5.65550421799701,-5.03343892744834,0.622065290548667,0.422,0.711,0.578,0.790858602161408,"42.2% CI","[-5.6555, -5.0334]",TRUE
-5.65632255036915,-5.0326205950762,0.623701955292942,0.423,0.7115,0.577,0.793356776016605,"42.3% CI","[-5.6563, -5.0326]",TRUE
-5.65714155136368,-5.03180159408167,0.625339957282009,0.424,0.712,0.576,0.795859283219775,"42.4% CI","[-5.6571, -5.0318]",TRUE
-5.65796122383439,-5.03098192161096,0.626979302223436,0.425,0.7125,0.575,0.79836613883035,"42.5% CI","[-5.658, -5.031]",TRUE
-5.65878157064787,-5.03016157479748,0.628619995850396,0.426,0.713,0.574,0.800877357986399,"42.6% CI","[-5.6588, -5.0302]",TRUE
-5.6596025946836,-5.02934055076175,0.630262043921842,0.427,0.7135,0.573,0.803392955905182,"42.7% CI","[-5.6596, -5.0293]",TRUE
-5.66042429883402,-5.02851884661133,0.631905452222682,0.428,0.714,0.572,0.805912947883697,"42.8% CI","[-5.6604, -5.0285]",TRUE
-5.66124668600467,-5.02769645944068,0.633550226563981,0.429,0.7145,0.571,0.808437349299244,"42.9% CI","[-5.6612, -5.0277]",TRUE
-5.66206975911424,-5.02687338633111,0.635196372783124,0.43,0.715,0.57,0.810966175609983,"43% CI","[-5.6621, -5.0269]",TRUE
-5.66289352109468,-5.02604962435067,0.636843896744017,0.431,0.7155,0.569,0.813499442355505,"43.1% CI","[-5.6629, -5.026]",TRUE
-5.66371797489131,-5.02522517055404,0.638492804337268,0.432,0.716,0.568,0.816037165157405,"43.2% CI","[-5.6637, -5.0252]",TRUE
-5.66454312346287,-5.02440002198248,0.640143101480383,0.433,0.7165,0.567,0.818579359719858,"43.3% CI","[-5.6645, -5.0244]",TRUE
-5.66536896978165,-5.0235741756637,0.641794794117947,0.434,0.717,0.566,0.821126041830205,"43.4% CI","[-5.6654, -5.0236]",TRUE
-5.66619551683359,-5.02274762861176,0.643447888221825,0.435,0.7175,0.565,0.823677227359537,"43.5% CI","[-5.6662, -5.0227]",TRUE
-5.66702276761835,-5.021920377827,0.645102389791354,0.436,0.718,0.564,0.826232932263293,"43.6% CI","[-5.667, -5.0219]",TRUE
-5.66785072514944,-5.02109242029591,0.646758304853536,0.437,0.7185,0.563,0.828793172581858,"43.7% CI","[-5.6679, -5.0211]",TRUE
-5.6686793924543,-5.02026375299106,0.64841563946324,0.438,0.719,0.562,0.831357964441161,"43.8% CI","[-5.6687, -5.0203]",TRUE
-5.66950877257437,-5.01943437287098,0.650074399703396,0.439,0.7195,0.561,0.833927324053294,"43.9% CI","[-5.6695, -5.0194]",TRUE
-5.67033886856528,-5.01860427688007,0.651734591685203,0.44,0.72,0.56,0.83650126771712,"44% CI","[-5.6703, -5.0186]",TRUE
-5.67116968349684,-5.01777346194851,0.653396221548327,0.441,0.7205,0.559,0.839079811818897,"44.1% CI","[-5.6712, -5.0178]",TRUE
-5.67200122045323,-5.01694192499212,0.655059295461102,0.442,0.721,0.558,0.841662972832899,"44.2% CI","[-5.672, -5.0169]",TRUE
-5.67283348253305,-5.0161096629123,0.656723819620748,0.443,0.7215,0.557,0.844250767322055,"44.3% CI","[-5.6728, -5.0161]",TRUE
-5.67366647284946,-5.01527667259589,0.658389800253564,0.444,0.722,0.556,0.84684321193858,"44.4% CI","[-5.6737, -5.0153]",TRUE
-5.67450019453025,-5.0144429509151,0.66005724361515,0.445,0.7225,0.555,0.849440323424619,"44.5% CI","[-5.6745, -5.0144]",TRUE
-5.67533465071798,-5.01360849472737,0.66172615599061,0.446,0.723,0.554,0.852042118612899,"44.6% CI","[-5.6753, -5.0136]",TRUE
-5.67616984457006,-5.01277330087529,0.663396543694775,0.447,0.7235,0.553,0.85464861442738,"44.7% CI","[-5.6762, -5.0128]",TRUE
-5.67700577925888,-5.01193736618647,0.665068413072404,0.448,0.724,0.552,0.857259827883918,"44.8% CI","[-5.677, -5.0119]",TRUE
-5.67784245797188,-5.01110068747347,0.666741770498419,0.449,0.7245,0.551,0.85987577609093,"44.9% CI","[-5.6778, -5.0111]",TRUE
-5.67867988391173,-5.01026326153362,0.668416622378105,0.45,0.725,0.55,0.862496476250065,"45% CI","[-5.6787, -5.0103]",TRUE
-5.67951806029635,-5.009425085149,0.670092975147352,0.451,0.7255,0.549,0.865121945656889,"45.1% CI","[-5.6795, -5.0094]",TRUE
-5.6803569903591,-5.00858615508625,0.671770835272856,0.452,0.726,0.548,0.86775220170156,"45.2% CI","[-5.6804, -5.0086]",TRUE
-5.68119667734886,-5.0077464680965,0.67345020925236,0.453,0.7265,0.547,0.870387261869531,"45.3% CI","[-5.6812, -5.0077]",TRUE
-5.68203712453011,-5.00690602091524,0.675131103614873,0.454,0.727,0.546,0.873027143742234,"45.4% CI","[-5.682, -5.0069]",TRUE
-5.68287833518313,-5.00606481026222,0.676813524920908,0.455,0.7275,0.545,0.875671864997798,"45.5% CI","[-5.6829, -5.0061]",TRUE
-5.68372031260402,-5.00522283284133,0.678497479762694,0.456,0.728,0.544,0.878321443411748,"45.6% CI","[-5.6837, -5.0052]",TRUE
-5.68456306010489,-5.00438008534046,0.680182974764431,0.457,0.7285,0.543,0.880975896857726,"45.7% CI","[-5.6846, -5.0044]",TRUE
-5.68540658101393,-5.00353656443142,0.681870016582511,0.458,0.729,0.542,0.883635243308215,"45.8% CI","[-5.6854, -5.0035]",TRUE
-5.68625087867556,-5.00269226676979,0.683558611905761,0.459,0.7295,0.541,0.886299500835272,"45.9% CI","[-5.6863, -5.0027]",TRUE
-5.68709595645051,-5.00184718899484,0.685248767455677,0.46,0.73,0.54,0.888968687611256,"46% CI","[-5.6871, -5.0018]",TRUE
-5.68794181771601,-5.00100132772934,0.68694048998667,0.461,0.7305,0.539,0.891642821909582,"46.1% CI","[-5.6879, -5.001]",TRUE
-5.68878846586583,-5.00015467957952,0.68863378628631,0.462,0.731,0.538,0.894321922105463,"46.2% CI","[-5.6888, -5.0002]",TRUE
-5.68963590431046,-4.99930724113489,0.690328663175569,0.463,0.7315,0.537,0.897006006676675,"46.3% CI","[-5.6896, -4.9993]",TRUE
-5.69048413647721,-4.99845900896814,0.692025127509067,0.464,0.732,0.536,0.899695094204314,"46.4% CI","[-5.6905, -4.9985]",TRUE
-5.69133316581034,-4.99760997963501,0.69372318617533,0.465,0.7325,0.535,0.902389203373578,"46.5% CI","[-5.6913, -4.9976]",TRUE
-5.69218299577119,-4.99676014967416,0.69542284609703,0.466,0.733,0.534,0.905088352974533,"46.6% CI","[-5.6922, -4.9968]",TRUE
-5.6930336298383,-4.99590951560705,0.697124114231251,0.467,0.7335,0.533,0.907792561902911,"46.7% CI","[-5.693, -4.9959]",TRUE
-5.69388507150755,-4.9950580739378,0.698826997569743,0.468,0.734,0.532,0.910501849160897,"46.8% CI","[-5.6939, -4.9951]",TRUE
-5.69473732429226,-4.99420582115309,0.700531503139176,0.469,0.7345,0.531,0.913216233857933,"46.9% CI","[-5.6947, -4.9942]",TRUE
-5.69559039172338,-4.99335275372197,0.702237638001412,0.47,0.735,0.53,0.915935735211525,"47% CI","[-5.6956, -4.9934]",TRUE
-5.69644427734955,-4.9924988680958,0.703945409253754,0.471,0.7355,0.529,0.918660372548061,"47.1% CI","[-5.6964, -4.9925]",TRUE
-5.69729898473729,-4.99164416070806,0.705654824029226,0.472,0.736,0.528,0.921390165303633,"47.2% CI","[-5.6973, -4.9916]",TRUE
-5.69815451747109,-4.99078862797426,0.707365889496837,0.473,0.7365,0.527,0.924125133024872,"47.3% CI","[-5.6982, -4.9908]",TRUE
-5.6990108791536,-4.98993226629175,0.709078612861852,0.474,0.737,0.526,0.926865295369785,"47.4% CI","[-5.699, -4.9899]",TRUE
-5.69986807340571,-4.98907507203964,0.710793001366067,0.475,0.7375,0.525,0.929610672108602,"47.5% CI","[-5.6999, -4.9891]",TRUE
-5.70072610386671,-4.98821704157864,0.712509062288079,0.476,0.738,0.524,0.932361283124637,"47.6% CI","[-5.7007, -4.9882]",TRUE
-5.70158497419446,-4.98735817125089,0.714226802943577,0.477,0.7385,0.523,0.935117148415146,"47.7% CI","[-5.7016, -4.9874]",TRUE
-5.70244468806548,-4.98649845737987,0.715946230685613,0.478,0.739,0.522,0.937878288092203,"47.8% CI","[-5.7024, -4.9865]",TRUE
-5.70330524917512,-4.98563789627023,0.717667352904892,0.479,0.7395,0.521,0.940644722383579,"47.9% CI","[-5.7033, -4.9856]",TRUE
-5.7041666612377,-4.98477648420765,0.719390177030055,0.48,0.74,0.52,0.943416471633633,"48% CI","[-5.7042, -4.9848]",TRUE
-5.70502892798666,-4.98391421745869,0.721114710527969,0.481,0.7405,0.519,0.946193556304206,"48.1% CI","[-5.705, -4.9839]",TRUE
-5.70589205317469,-4.98305109227066,0.722840960904024,0.482,0.741,0.518,0.948975996975533,"48.2% CI","[-5.7059, -4.9831]",TRUE
-5.70675604057388,-4.98218710487147,0.724568935702418,0.483,0.7415,0.517,0.951763814347152,"48.3% CI","[-5.7068, -4.9822]",TRUE
-5.70762089397591,-4.98132225146944,0.726298642506466,0.484,0.742,0.516,0.954557029238833,"48.4% CI","[-5.7076, -4.9813]",TRUE
-5.70848661719212,-4.98045652825323,0.728030088938889,0.485,0.7425,0.515,0.957355662591506,"48.5% CI","[-5.7085, -4.9805]",TRUE
-5.70935321405374,-4.97958993139161,0.729763282662129,0.486,0.743,0.514,0.960159735468209,"48.6% CI","[-5.7094, -4.9796]",TRUE
-5.710220688412,-4.97872245703335,0.731498231378643,0.487,0.7435,0.513,0.962969269055033,"48.7% CI","[-5.7102, -4.9787]",TRUE
-5.71108904413829,-4.97785410130706,0.733234942831222,0.488,0.744,0.512,0.965784284662087,"48.8% CI","[-5.7111, -4.9779]",TRUE
-5.71195828512432,-4.97698486032103,0.734973424803298,0.489,0.7445,0.511,0.968604803724466,"48.9% CI","[-5.712, -4.977]",TRUE
-5.7128284152823,-4.97611473016305,0.736713685119259,0.49,0.745,0.51,0.971430847803229,"49% CI","[-5.7128, -4.9761]",TRUE
-5.71369943854506,-4.97524370690029,0.738455731644763,0.491,0.7455,0.509,0.974262438586392,"49.1% CI","[-5.7137, -4.9752]",TRUE
-5.71457135886621,-4.97437178657914,0.740199572287068,0.492,0.746,0.508,0.977099597889921,"49.2% CI","[-5.7146, -4.9744]",TRUE
-5.71544418022035,-4.973498965225,0.741945214995351,0.493,0.7465,0.507,0.979942347658747,"49.3% CI","[-5.7154, -4.9735]",TRUE
-5.71631790660319,-4.97262523884216,0.74369266776103,0.494,0.747,0.506,0.982790709967777,"49.4% CI","[-5.7163, -4.9726]",TRUE
-5.71719254203173,-4.97175060341362,0.745441938618104,0.495,0.7475,0.505,0.98564470702293,"49.5% CI","[-5.7172, -4.9718]",TRUE
-5.71806809054441,-4.97087505490094,0.747193035643477,0.496,0.748,0.504,0.98850436116217,"49.6% CI","[-5.7181, -4.9709]",TRUE
-5.71894455620133,-4.96999858924402,0.748945966957301,0.497,0.7485,0.503,0.99136969485656,"49.7% CI","[-5.7189, -4.97]",TRUE
-5.71982194308433,-4.96912120236102,0.75070074072331,0.498,0.749,0.502,0.994240730711315,"49.8% CI","[-5.7198, -4.9691]",TRUE
-5.72070025529726,-4.96824289014809,0.752457365149171,0.499,0.7495,0.501,0.997117491466879,"49.9% CI","[-5.7207, -4.9682]",TRUE
-5.72157949696609,-4.96736364847926,0.754215848486821,0.5,0.75,0.5,1,"50% CI","[-5.7216, -4.9674]",TRUE
-5.72245967223909,-4.96648347320626,0.755976199032821,0.501,0.7505,0.499,1.00288827932483,"50.1% CI","[-5.7225, -4.9665]",TRUE
-5.72334078528703,-4.96560236015832,0.757738425128712,0.502,0.751,0.498,1.00578235259401,"50.2% CI","[-5.7233, -4.9656]",TRUE
-5.72422284030336,-4.96472030514199,0.759502535161365,0.503,0.7515,0.497,1.0086822430998,"50.3% CI","[-5.7242, -4.9647]",TRUE
-5.72510584150435,-4.963837303941,0.761268537563346,0.504,0.752,0.496,1.01158797427521,"50.4% CI","[-5.7251, -4.9638]",TRUE
-5.72598979312931,-4.96295335231604,0.763036440813276,0.505,0.7525,0.495,1.01449956969512,"50.5% CI","[-5.726, -4.963]",TRUE
-5.72687469944078,-4.96206844600457,0.764806253436204,0.506,0.753,0.494,1.01741705307741,"50.6% CI","[-5.7269, -4.9621]",TRUE
-5.72776056472466,-4.96118258072069,0.766577984003969,0.507,0.7535,0.493,1.02034044828418,"50.7% CI","[-5.7278, -4.9612]",TRUE
-5.72864739329046,-4.96029575215489,0.768351641135579,0.508,0.754,0.492,1.02326977932285,"50.8% CI","[-5.7286, -4.9603]",TRUE
-5.72953518947147,-4.95940795597388,0.770127233497591,0.509,0.7545,0.491,1.02620507034739,"50.9% CI","[-5.7295, -4.9594]",TRUE
-5.73042395762492,-4.95851918782043,0.771904769804488,0.51,0.755,0.49,1.02914634565952,"51% CI","[-5.7304, -4.9585]",TRUE
-5.73131370213221,-4.95762944331314,0.773684258819067,0.511,0.7555,0.489,1.03209362970985,"51.1% CI","[-5.7313, -4.9576]",TRUE
-5.73220442739909,-4.95673871804626,0.775465709352828,0.512,0.756,0.488,1.0350469470992,"51.2% CI","[-5.7322, -4.9567]",TRUE
-5.73309613785586,-4.95584700758949,0.777249130266366,0.513,0.7565,0.487,1.03800632257974,"51.3% CI","[-5.7331, -4.9558]",TRUE
-5.73398883795756,-4.95495430748779,0.779034530469774,0.514,0.757,0.486,1.04097178105631,"51.4% CI","[-5.734, -4.955]",TRUE
-5.73488253218419,-4.95406061326116,0.78082191892303,0.515,0.7575,0.485,1.0439433475876,"51.5% CI","[-5.7349, -4.9541]",TRUE
-5.73577722504089,-4.95316592040446,0.78261130463642,0.516,0.758,0.484,1.04692104738749,"51.6% CI","[-5.7358, -4.9532]",TRUE
-5.73667292105814,-4.95227022438721,0.784402696670934,0.517,0.7585,0.483,1.04990490582631,"51.7% CI","[-5.7367, -4.9523]",TRUE
-5.73756962479202,-4.95137352065333,0.786196104138682,0.518,0.759,0.482,1.05289494843213,"51.8% CI","[-5.7376, -4.9514]",TRUE
-5.73846734082433,-4.95047580462102,0.787991536203316,0.519,0.7595,0.481,1.05589120089205,"51.9% CI","[-5.7385, -4.9505]",TRUE
-5.7393660737629,-4.94957707168245,0.789789002080447,0.52,0.76,0.48,1.05889368905357,"52% CI","[-5.7394, -4.9496]",TRUE
-5.74026582824171,-4.94867731720364,0.79158851103807,0.521,0.7605,0.479,1.06190243892591,"52.1% CI","[-5.7403, -4.9487]",TRUE
-5.74116660892118,-4.94777653652417,0.793390072397001,0.522,0.761,0.478,1.06491747668134,"52.2% CI","[-5.7412, -4.9478]",TRUE
-5.74206842048833,-4.94687472495702,0.795193695531301,0.523,0.7615,0.477,1.06793882865658,"52.3% CI","[-5.7421, -4.9469]",TRUE
-5.74297126765704,-4.94597187778831,0.796999389868725,0.524,0.762,0.476,1.07096652135414,"52.4% CI","[-5.743, -4.946]",TRUE
-5.74387515516826,-4.94506799027709,0.798807164891162,0.525,0.7625,0.475,1.07400058144378,"52.5% CI","[-5.7439, -4.9451]",TRUE
-5.74478008779021,-4.94416305765514,0.800617030135077,0.526,0.763,0.474,1.07704103576383,"52.6% CI","[-5.7448, -4.9442]",TRUE
-5.74568607031866,-4.94325707512669,0.802428995191972,0.527,0.7635,0.473,1.08008791132269,"52.7% CI","[-5.7457, -4.9433]",TRUE
-5.7465931075771,-4.94235003786825,0.804243069708841,0.528,0.764,0.472,1.08314123530025,"52.8% CI","[-5.7466, -4.9424]",TRUE
-5.74750120441699,-4.94144194102836,0.806059263388628,0.529,0.7645,0.471,1.0862010350493,"52.9% CI","[-5.7475, -4.9414]",TRUE
-5.74841036571802,-4.94053277972733,0.807877585990695,0.53,0.765,0.47,1.08926733809709,"53% CI","[-5.7484, -4.9405]",TRUE
-5.74932059638833,-4.93962254905702,0.809698047331301,0.531,0.7655,0.469,1.09234017214671,"53.1% CI","[-5.7493, -4.9396]",TRUE
-5.75023190136471,-4.93871124408064,0.811520657284065,0.532,0.766,0.468,1.09541956507868,"53.2% CI","[-5.7502, -4.9387]",TRUE
-5.7511442856129,-4.93779885983245,0.81334542578046,0.533,0.7665,0.467,1.09850554495243,"53.3% CI","[-5.7511, -4.9378]",TRUE
-5.75205775412782,-4.93688539131753,0.815172362810289,0.534,0.767,0.466,1.10159814000781,"53.4% CI","[-5.7521, -4.9369]",TRUE
-5.75297231193377,-4.93597083351158,0.817001478422185,0.535,0.7675,0.465,1.10469737866669,"53.5% CI","[-5.753, -4.936]",TRUE
-5.75388796408473,-4.93505518136062,0.818832782724101,0.536,0.768,0.464,1.10780328953452,"53.6% CI","[-5.7539, -4.9351]",TRUE
-5.75480471566458,-4.93413842978077,0.820666285883817,0.537,0.7685,0.463,1.11091590140185,"53.7% CI","[-5.7548, -4.9341]",TRUE
-5.7557225717874,-4.93322057365795,0.822501998129441,0.538,0.769,0.462,1.11403524324603,"53.8% CI","[-5.7557, -4.9332]",TRUE
-5.75664153759764,-4.93230160784771,0.824339929749927,0.539,0.7695,0.461,1.11716134423275,"53.9% CI","[-5.7566, -4.9323]",TRUE
-5.75756161827047,-4.93138152717488,0.82618009109559,0.54,0.77,0.46,1.12029423371771,"54% CI","[-5.7576, -4.9314]",TRUE
-5.75848281901199,-4.93046032643336,0.828022492578627,0.541,0.7705,0.459,1.12343394124828,"54.1% CI","[-5.7585, -4.9305]",TRUE
-5.7594051450595,-4.92953800038585,0.829867144673653,0.542,0.771,0.458,1.12658049656514,"54.2% CI","[-5.7594, -4.9295]",TRUE
-5.76032860168179,-4.92861454376356,0.831714057918227,0.543,0.7715,0.457,1.12973392960402,"54.3% CI","[-5.7603, -4.9286]",TRUE
-5.76125319417937,-4.92768995126598,0.833563242913394,0.544,0.772,0.456,1.13289427049735,"54.4% CI","[-5.7613, -4.9277]",TRUE
-5.76217892788479,-4.92676421756056,0.835414710324238,0.545,0.7725,0.455,1.13606154957603,"54.5% CI","[-5.7622, -4.9268]",TRUE
-5.76310580816289,-4.92583733728246,0.837268470880423,0.546,0.773,0.454,1.13923579737117,"54.6% CI","[-5.7631, -4.9258]",TRUE
-5.76403384041105,-4.9249093050343,0.839124535376756,0.547,0.7735,0.453,1.14241704461585,"54.7% CI","[-5.764, -4.9249]",TRUE
-5.76496303005955,-4.9239801153858,0.840982914673752,0.548,0.774,0.452,1.1456053222469,"54.8% CI","[-5.765, -4.924]",TRUE
-5.76589338257178,-4.92304976287357,0.8428436196982,0.549,0.7745,0.451,1.14880066140671,"54.9% CI","[-5.7659, -4.923]",TRUE
-5.76682490344455,-4.9221182420008,0.844706661443743,0.55,0.775,0.45,1.15200309344505,"55% CI","[-5.7668, -4.9221]",TRUE
-5.7677575982084,-4.92118554723695,0.846572050971449,0.551,0.7755,0.449,1.15521264992094,"55.1% CI","[-5.7678, -4.9212]",TRUE
-5.76869147242788,-4.92025167301747,0.84843979941042,0.552,0.776,0.448,1.15842936260448,"55.2% CI","[-5.7687, -4.9203]",TRUE
-5.76962653170186,-4.91931661374349,0.850309917958361,0.553,0.7765,0.447,1.16165326347877,"55.3% CI","[-5.7696, -4.9193]",TRUE
-5.77056278166378,-4.91838036378157,0.852182417882203,0.554,0.777,0.446,1.16488438474178,"55.4% CI","[-5.7706, -4.9184]",TRUE
-5.77150022798202,-4.91744291746333,0.854057310518698,0.555,0.7775,0.445,1.16812275880833,"55.5% CI","[-5.7715, -4.9174]",TRUE
-5.77243887636019,-4.91650426908516,0.855934607275037,0.556,0.778,0.444,1.17136841831198,"55.6% CI","[-5.7724, -4.9165]",TRUE
-5.77337873253741,-4.91556441290794,0.857814319629471,0.557,0.7785,0.443,1.17462139610707,"55.7% CI","[-5.7734, -4.9156]",TRUE
-5.77431980228865,-4.9146233431567,0.859696459131941,0.558,0.779,0.442,1.17788172527066,"55.8% CI","[-5.7743, -4.9146]",TRUE
-5.77526209142503,-4.91368105402032,0.861581037404708,0.559,0.7795,0.441,1.18114943910457,"55.9% CI","[-5.7753, -4.9137]",TRUE
-5.77620560579417,-4.91273753965118,0.863468066142998,0.56,0.78,0.44,1.18442457113743,"56% CI","[-5.7762, -4.9127]",TRUE
-5.7771503512805,-4.91179279416485,0.865357557115649,0.561,0.7805,0.439,1.18770715512673,"56.1% CI","[-5.7772, -4.9118]",TRUE
-5.77809633380556,-4.91084681163979,0.867249522165771,0.562,0.781,0.438,1.19099722506091,"56.2% CI","[-5.7781, -4.9108]",TRUE
-5.77904355932838,-4.90989958611697,0.869143973211404,0.563,0.7815,0.437,1.19429481516149,"56.3% CI","[-5.779, -4.9099]",TRUE
-5.77999203384577,-4.90895111159958,0.871040922246193,0.564,0.782,0.436,1.19759995988516,"56.4% CI","[-5.78, -4.909]",TRUE
-5.78094176339271,-4.90800138205264,0.872940381340062,0.565,0.7825,0.435,1.200912693926,"56.5% CI","[-5.7809, -4.908]",TRUE
-5.78189275404263,-4.90705039140272,0.874842362639901,0.566,0.783,0.434,1.20423305221761,"56.6% CI","[-5.7819, -4.9071]",TRUE
-5.78284501190781,-4.90609813353754,0.87674687837027,0.567,0.7835,0.433,1.20756106993536,"56.7% CI","[-5.7828, -4.9061]",TRUE
-5.78379854313971,-4.90514460230564,0.878653940834077,0.568,0.784,0.432,1.21089678249862,"56.8% CI","[-5.7838, -4.9051]",TRUE
-5.78475335392933,-4.90418979151602,0.880563562413311,0.569,0.7845,0.431,1.21424022557299,"56.9% CI","[-5.7848, -4.9042]",TRUE
-5.78570945050755,-4.9032336949378,0.882475755569748,0.57,0.785,0.43,1.21759143507263,"57% CI","[-5.7857, -4.9032]",TRUE
-5.78666683914551,-4.90227630629984,0.884390532845675,0.571,0.7855,0.429,1.22095044716254,"57.1% CI","[-5.7867, -4.9023]",TRUE
-5.78762552615499,-4.90131761929036,0.886307906864625,0.572,0.786,0.428,1.22431729826094,"57.2% CI","[-5.7876, -4.9013]",TRUE
-5.78858551788874,-4.90035762755661,0.888227890332125,0.573,0.7865,0.427,1.2276920250416,"57.3% CI","[-5.7886, -4.9004]",TRUE
-5.78954682074089,-4.89939632470446,0.890150496036437,0.574,0.787,0.426,1.23107466443625,"57.4% CI","[-5.7895, -4.8994]",TRUE
-5.79050944114734,-4.89843370429801,0.892075736849325,0.575,0.7875,0.425,1.23446525363702,"57.5% CI","[-5.7905, -4.8984]",TRUE
-5.79147338558608,-4.89746975985927,0.894003625726815,0.576,0.788,0.424,1.23786383009889,"57.6% CI","[-5.7915, -4.8975]",TRUE
-5.79243866057766,-4.89650448486769,0.895934175709977,0.577,0.7885,0.423,1.24127043154214,"57.7% CI","[-5.7924, -4.8965]",TRUE
-5.79340527268553,-4.89553787275982,0.89786739992571,0.578,0.789,0.422,1.2446850959549,"57.8% CI","[-5.7934, -4.8955]",TRUE
-5.79437322851644,-4.89456991692891,0.899803311587535,0.579,0.7895,0.421,1.24810786159569,"57.9% CI","[-5.7944, -4.8946]",TRUE
-5.79534253472087,-4.89360061072448,0.901741923996395,0.58,0.79,0.42,1.25153876699596,"58% CI","[-5.7953, -4.8936]",TRUE
-5.79631319799341,-4.89262994745194,0.903683250541476,0.581,0.7905,0.419,1.25497785096274,"58.1% CI","[-5.7963, -4.8926]",TRUE
-5.79728522507319,-4.89165792037216,0.905627304701025,0.582,0.791,0.418,1.2584251525812,"58.2% CI","[-5.7973, -4.8917]",TRUE
-5.79825862274426,-4.89068452270109,0.907574100043179,0.583,0.7915,0.417,1.26188071121742,"58.3% CI","[-5.7983, -4.8907]",TRUE
-5.79923339783608,-4.88970974760927,0.909523650226815,0.584,0.792,0.416,1.26534456652099,"58.4% CI","[-5.7992, -4.8897]",TRUE
-5.80020955722387,-4.88873358822148,0.911475969002389,0.585,0.7925,0.415,1.2688167584278,"58.5% CI","[-5.8002, -4.8887]",TRUE
-5.80118710782908,-4.88775603761627,0.913431070212811,0.586,0.793,0.414,1.27229732716276,"58.6% CI","[-5.8012, -4.8878]",TRUE
-5.80216605661983,-4.88677708882552,0.91538896779431,0.587,0.7935,0.413,1.27578631324264,"58.7% CI","[-5.8022, -4.8868]",TRUE
-5.80314641061133,-4.88579673483402,0.917349675777313,0.588,0.794,0.412,1.27928375747887,"58.8% CI","[-5.8031, -4.8858]",TRUE
-5.80412817686635,-4.884814968579,0.919313208287345,0.589,0.7945,0.411,1.2827897009804,"58.9% CI","[-5.8041, -4.8848]",TRUE
-5.80511136249564,-4.88383178294971,0.921279579545924,0.59,0.795,0.41,1.28630418515664,"59% CI","[-5.8051, -4.8838]",TRUE
-5.80609597465842,-4.88284717078693,0.923248803871486,0.591,0.7955,0.409,1.28982725172034,"59.1% CI","[-5.8061, -4.8828]",TRUE
-5.80708202056282,-4.88186112488253,0.925220895680294,0.592,0.796,0.408,1.29335894269059,"59.2% CI","[-5.8071, -4.8819]",TRUE
-5.80806950746637,-4.88087363797898,0.927195869487385,0.593,0.7965,0.407,1.29689930039584,"59.3% CI","[-5.8081, -4.8809]",TRUE
-5.80905844267643,-4.87988470276892,0.929173739907515,0.594,0.797,0.406,1.30044836747691,"59.4% CI","[-5.8091, -4.8799]",TRUE
-5.81004883355073,-4.87889431189462,0.931154521656119,0.595,0.7975,0.405,1.3040061868901,"59.5% CI","[-5.81, -4.8789]",TRUE
-5.81104068749781,-4.87790245794754,0.933138229550268,0.596,0.798,0.404,1.30757280191029,"59.6% CI","[-5.811, -4.8779]",TRUE
-5.81203401197751,-4.87690913346784,0.935124878509672,0.597,0.7985,0.403,1.31114825613412,"59.7% CI","[-5.812, -4.8769]",TRUE
-5.8130288145015,-4.87591433094385,0.937114483557652,0.598,0.799,0.402,1.31473259348316,"59.8% CI","[-5.813, -4.8759]",TRUE
-5.81402510263376,-4.87491804281159,0.939107059822161,0.599,0.7995,0.401,1.31832585820717,"59.9% CI","[-5.814, -4.8749]",TRUE
-5.81502288399107,-4.87392026145428,0.941102622536796,0.6,0.8,0.4,1.32192809488736,"60% CI","[-5.815, -4.8739]",TRUE
-5.81602216624359,-4.87292097920176,0.943101187041821,0.601,0.8005,0.399,1.32553934843974,"60.1% CI","[-5.816, -4.8729]",TRUE
-5.81702295711529,-4.87192018833006,0.945102768785222,0.602,0.801,0.398,1.32915966411844,"60.2% CI","[-5.817, -4.8719]",TRUE
-5.81802526438455,-4.8709178810608,0.947107383323756,0.603,0.8015,0.397,1.33278908751913,"60.3% CI","[-5.818, -4.8709]",TRUE
-5.81902909588468,-4.86991404956067,0.949115046324016,0.604,0.802,0.396,1.33642766458248,"60.4% CI","[-5.819, -4.8699]",TRUE
-5.82003445950444,-4.86890868594091,0.95112577356352,0.605,0.8025,0.395,1.34007544159762,"60.5% CI","[-5.82, -4.8689]",TRUE
-5.82104136318858,-4.86790178225677,0.953139580931801,0.606,0.803,0.394,1.34373246520571,"60.6% CI","[-5.821, -4.8679]",TRUE
-5.82204981493843,-4.86689333050692,0.955156484431516,0.607,0.8035,0.393,1.34739878240348,"60.7% CI","[-5.822, -4.8669]",TRUE
-5.82305982281246,-4.86588332263289,0.957176500179567,0.608,0.804,0.392,1.35107444054688,"60.8% CI","[-5.8231, -4.8659]",TRUE
-5.8240713949268,-4.86487175051855,0.95919964440824,0.609,0.8045,0.391,1.35475948735473,"60.9% CI","[-5.8241, -4.8649]",TRUE
-5.82508453945585,-4.8638586059895,0.961225933466356,0.61,0.805,0.39,1.35845397091248,"61% CI","[-5.8251, -4.8639]",TRUE
-5.82609926463289,-4.86284388081246,0.96325538382043,0.611,0.8055,0.389,1.3621579396759,"61.1% CI","[-5.8261, -4.8628]",TRUE
-5.8271155787506,-4.86182756669475,0.965288012055852,0.612,0.806,0.388,1.36587144247496,"61.2% CI","[-5.8271, -4.8618]",TRUE
-5.82813349016172,-4.86080965528363,0.967323834878087,0.613,0.8065,0.387,1.36959452851768,"61.3% CI","[-5.8281, -4.8608]",TRUE
-5.82915300727961,-4.85979013816574,0.969362869113878,0.614,0.807,0.386,1.37332724739401,"61.4% CI","[-5.8292, -4.8598]",TRUE
-5.83017413857891,-4.85876900686644,0.971405131712471,0.615,0.8075,0.385,1.37706964907982,"61.5% CI","[-5.8302, -4.8588]",TRUE
-5.8311968925961,-4.85774625284925,0.973450639746858,0.616,0.808,0.384,1.38082178394093,"61.6% CI","[-5.8312, -4.8577]",TRUE
-5.83222127793019,-4.85672186751516,0.975499410415026,0.617,0.8085,0.383,1.38458370273713,"61.7% CI","[-5.8322, -4.8567]",TRUE
-5.83324730324329,-4.85569584220206,0.977551461041235,0.618,0.809,0.382,1.38835545662634,"61.8% CI","[-5.8332, -4.8557]",TRUE
-5.83427497726133,-4.85466816818402,0.97960680907731,0.619,0.8095,0.381,1.39213709716876,"61.9% CI","[-5.8343, -4.8547]",TRUE
-5.83530430877464,-4.85363883667071,0.981665472103931,0.62,0.81,0.38,1.39592867633114,"62% CI","[-5.8353, -4.8536]",TRUE
-5.83633530663866,-4.85260783880669,0.983727467831965,0.621,0.8105,0.379,1.399730246491,"62.1% CI","[-5.8363, -4.8526]",TRUE
-5.83736797977458,-4.85157516567077,0.985792814103801,0.622,0.811,0.378,1.40354186044101,"62.2% CI","[-5.8374, -4.8516]",TRUE
-5.83840233717003,-4.85054080827532,0.987861528894708,0.623,0.8115,0.377,1.40736357139342,"62.3% CI","[-5.8384, -4.8505]",TRUE
-5.83943838787978,-4.84950475756557,0.989933630314203,0.624,0.812,0.376,1.41119543298445,"62.4% CI","[-5.8394, -4.8495]",TRUE
-5.8404761410264,-4.84846700441895,0.992009136607443,0.625,0.8125,0.375,1.41503749927884,"62.5% CI","[-5.8405, -4.8485]",TRUE
-5.841515605801,-4.84742753964435,0.994088066156641,0.626,0.813,0.374,1.41888982477445,"62.6% CI","[-5.8415, -4.8474]",TRUE
-5.84255679146391,-4.84638635398144,0.996170437482478,0.627,0.8135,0.373,1.42275246440685,"62.7% CI","[-5.8426, -4.8464]",TRUE
-5.84359970734546,-4.84534343809989,0.998256269245567,0.628,0.814,0.372,1.42662547355406,"62.8% CI","[-5.8436, -4.8453]",TRUE
-5.84464436284663,-4.84429878259872,1.0003455802479,0.629,0.8145,0.371,1.43050890804128,"62.9% CI","[-5.8446, -4.8443]",TRUE
-5.84569076743985,-4.8432523780055,1.00243838943435,0.63,0.815,0.37,1.43440282414577,"63% CI","[-5.8457, -4.8433]",TRUE
-5.84673893066976,-4.84220421477559,1.00453471589416,0.631,0.8155,0.369,1.43830727860169,"63.1% CI","[-5.8467, -4.8422]",TRUE
-5.84778886215391,-4.84115428329144,1.00663457886248,0.632,0.816,0.368,1.44222232860507,"63.2% CI","[-5.8478, -4.8412]",TRUE
-5.84884057158362,-4.84010257386173,1.00873799772188,0.633,0.8165,0.367,1.44614803181887,"63.3% CI","[-5.8488, -4.8401]",TRUE
-5.84989406872466,-4.83904907672069,1.01084499200396,0.634,0.817,0.366,1.45008444637804,"63.4% CI","[-5.8499, -4.839]",TRUE
-5.85094936341813,-4.83799378202722,1.01295558139091,0.635,0.8175,0.365,1.45403163089471,"63.5% CI","[-5.8509, -4.838]",TRUE
-5.85200646558123,-4.83693667986412,1.0150697857171,0.636,0.818,0.364,1.45798964446339,"63.6% CI","[-5.852, -4.8369]",TRUE
-5.85306538520805,-4.8358777602373,1.01718762497075,0.637,0.8185,0.363,1.46195854666634,"63.7% CI","[-5.8531, -4.8359]",TRUE
-5.85412613237044,-4.83481701307491,1.01930911929554,0.638,0.819,0.362,1.46593839757888,"63.8% CI","[-5.8541, -4.8348]",TRUE
-5.85518871721882,-4.83375442822653,1.0214342889923,0.639,0.8195,0.361,1.46992925777492,"63.9% CI","[-5.8552, -4.8338]",TRUE
-5.85625314998303,-4.83268999546232,1.0235631545207,0.64,0.82,0.36,1.47393118833241,"64% CI","[-5.8563, -4.8327]",TRUE
-5.85731944097317,-4.83162370447218,1.02569573650099,0.641,0.8205,0.359,1.47794425083904,"64.1% CI","[-5.8573, -4.8316]",TRUE
-5.85838760058052,-4.83055554486483,1.02783205571568,0.642,0.821,0.358,1.48196850739783,"64.2% CI","[-5.8584, -4.8306]",TRUE
-5.85945763927837,-4.82948550616698,1.02997213311139,0.643,0.8215,0.357,1.48600402063299,"64.3% CI","[-5.8595, -4.8295]",TRUE
-5.86052956762296,-4.82841357782239,1.03211598980057,0.644,0.822,0.356,1.49005085369569,"64.4% CI","[-5.8605, -4.8284]",TRUE
-5.86160339625434,-4.82733974919101,1.03426364706333,0.645,0.8225,0.355,1.49410907027004,"64.5% CI","[-5.8616, -4.8273]",TRUE
-5.86267913589733,-4.82626400954802,1.03641512634931,0.646,0.823,0.354,1.49817873457909,"64.6% CI","[-5.8627, -4.8263]",TRUE
-5.86375679736242,-4.82518634808293,1.03857044927949,0.647,0.8235,0.353,1.50225991139091,"64.7% CI","[-5.8638, -4.8252]",TRUE
-5.86483639154674,-4.82410675389861,1.04072963764814,0.648,0.824,0.352,1.50635266602479,"64.8% CI","[-5.8648, -4.8241]",TRUE
-5.86591792943501,-4.82302521601034,1.04289271342467,0.649,0.8245,0.351,1.51045706435753,"64.9% CI","[-5.8659, -4.823]",TRUE
-5.86700142210049,-4.82194172334486,1.04505969875564,0.65,0.825,0.35,1.51457317282976,"65% CI","[-5.867, -4.8219]",TRUE
-5.868086880706,-4.82085626473935,1.04723061596666,0.651,0.8255,0.349,1.51870105845243,"65.1% CI","[-5.8681, -4.8209]",TRUE
-5.8691743165049,-4.81976882894045,1.04940548756445,0.652,0.826,0.348,1.52284078881336,"65.2% CI","[-5.8692, -4.8198]",TRUE
-5.87026374084209,-4.81867940460326,1.05158433623883,0.653,0.8265,0.347,1.52699243208383,"65.3% CI","[-5.8703, -4.8187]",TRUE
-5.87135516515506,-4.81758798029029,1.05376718486476,0.654,0.827,0.346,1.53115605702536,"65.4% CI","[-5.8714, -4.8176]",TRUE
-5.87244860097491,-4.81649454447044,1.05595405650448,0.655,0.8275,0.345,1.53533173299656,"65.5% CI","[-5.8724, -4.8165]",TRUE
-5.87354405992745,-4.8153990855179,1.05814497440955,0.656,0.828,0.344,1.53951952995999,"65.6% CI","[-5.8735, -4.8154]",TRUE
-5.8746415537342,-4.81430159171116,1.06033996202304,0.657,0.8285,0.343,1.54371951848927,"65.7% CI","[-5.8746, -4.8143]",TRUE
-5.87574109421352,-4.81320205123183,1.06253904298169,0.658,0.829,0.342,1.54793176977619,"65.8% CI","[-5.8757, -4.8132]",TRUE
-5.87684269328173,-4.81210045216362,1.0647422411181,0.659,0.8295,0.341,1.55215635563791,"65.9% CI","[-5.8768, -4.8121]",TRUE
-5.87794636295417,-4.81099678249118,1.06694958046299,0.66,0.83,0.34,1.55639334852439,"66% CI","[-5.8779, -4.811]",TRUE
-5.8790521153464,-4.80989103009895,1.06916108524745,0.661,0.8305,0.339,1.56064282152574,"66.1% CI","[-5.8791, -4.8099]",TRUE
-5.88015996267529,-4.80878318277006,1.07137677990523,0.662,0.831,0.338,1.5649048483799,"66.2% CI","[-5.8802, -4.8088]",TRUE
-5.88126991726022,-4.80767322818513,1.0735966890751,0.663,0.8315,0.337,1.56917950348023,"66.3% CI","[-5.8813, -4.8077]",TRUE
-5.88238199152427,-4.80656115392108,1.07582083760319,0.664,0.832,0.336,1.57346686188333,"66.4% CI","[-5.8824, -4.8066]",TRUE
-5.88349619799538,-4.80544694744997,1.07804925054541,0.665,0.8325,0.335,1.57776699931695,"66.5% CI","[-5.8835, -4.8054]",TRUE
-5.88461254930761,-4.80433059613774,1.08028195316987,0.666,0.833,0.334,1.58207999218804,"66.6% CI","[-5.8846, -4.8043]",TRUE
-5.88573105820236,-4.80321208724299,1.08251897095938,0.667,0.8335,0.333,1.58640591759083,"66.7% CI","[-5.8857, -4.8032]",TRUE
-5.88685173752963,-4.80209140791572,1.08476032961391,0.668,0.834,0.332,1.59074485331516,"66.8% CI","[-5.8869, -4.8021]",TRUE
-5.88797460024927,-4.80096854519608,1.08700605505318,0.669,0.8345,0.331,1.59509687785487,"66.9% CI","[-5.888, -4.801]",TRUE
-5.88909965943229,-4.79984348601306,1.08925617341923,0.67,0.835,0.33,1.59946207041627,"67% CI","[-5.8891, -4.7998]",TRUE
-5.89022692826218,-4.79871621718317,1.09151071107901,0.671,0.8355,0.329,1.60384051092685,"67.1% CI","[-5.8902, -4.7987]",TRUE
-5.89135642003622,-4.79758672540912,1.0937696946271,0.672,0.836,0.328,1.608232280044,"67.2% CI","[-5.8914, -4.7976]",TRUE
-5.89248814816685,-4.7964549972785,1.09603315088834,0.673,0.8365,0.327,1.612637459164,"67.3% CI","[-5.8925, -4.7965]",TRUE
-5.89362212618299,-4.79532101926236,1.09830110692063,0.674,0.837,0.326,1.61705613043101,"67.4% CI","[-5.8936, -4.7953]",TRUE
-5.89475836773151,-4.79418477771384,1.10057359001766,0.675,0.8375,0.325,1.62148837674627,"67.5% CI","[-5.8948, -4.7942]",TRUE
-5.89589688657856,-4.79304625886679,1.10285062771178,0.676,0.838,0.324,1.62593428177746,"67.6% CI","[-5.8959, -4.793]",TRUE
-5.89703769661108,-4.79190544883427,1.10513224777681,0.677,0.8385,0.323,1.63039392996816,"67.7% CI","[-5.897, -4.7919]",TRUE
-5.89818081183818,-4.79076233360717,1.107418478231,0.678,0.839,0.322,1.63486740654747,"67.8% CI","[-5.8982, -4.7908]",TRUE
-5.89932624639266,-4.78961689905269,1.10970934733997,0.679,0.8395,0.321,1.63935479753978,"67.9% CI","[-5.8993, -4.7896]",TRUE
-5.90047401453251,-4.78846913091284,1.11200488361967,0.68,0.84,0.32,1.64385618977472,"68% CI","[-5.9005, -4.7885]",TRUE
-5.9016241306424,-4.78731901480294,1.11430511583946,0.681,0.8405,0.319,1.64837167089722,"68.1% CI","[-5.9016, -4.7873]",TRUE
-5.90277660923527,-4.78616653621008,1.1166100730252,0.682,0.841,0.318,1.65290132937773,"68.2% CI","[-5.9028, -4.7862]",TRUE
-5.90393146495386,-4.78501168049149,1.11891978446237,0.683,0.8415,0.317,1.65744525452268,"68.3% CI","[-5.9039, -4.785]",TRUE
-5.9050887125723,-4.78385443287305,1.12123427969925,0.684,0.842,0.316,1.66200353648498,"68.4% CI","[-5.9051, -4.7839]",TRUE
-5.90624836699777,-4.78269477844758,1.12355358855019,0.685,0.8425,0.315,1.66657626627481,"68.5% CI","[-5.9062, -4.7827]",TRUE
-5.9074104432721,-4.78153270217325,1.12587774109886,0.686,0.843,0.314,1.67116353577046,"68.6% CI","[-5.9074, -4.7815]",TRUE
-5.90857495657347,-4.78036818887188,1.12820676770159,0.687,0.8435,0.313,1.67576543772947,"68.7% CI","[-5.9086, -4.7804]",TRUE
-5.90974192221806,-4.77920122322729,1.13054069899076,0.688,0.844,0.312,1.68038206579984,"68.8% CI","[-5.9097, -4.7792]",TRUE
-5.91091135566181,-4.77803178978354,1.13287956587827,0.689,0.8445,0.311,1.68501351453148,"68.9% CI","[-5.9109, -4.778]",TRUE
-5.91208327250217,-4.77685987294318,1.135223399559,0.69,0.845,0.31,1.68965987938785,"69% CI","[-5.9121, -4.7769]",TRUE
-5.91325768847985,-4.7756854569655,1.13757223151435,0.691,0.8455,0.309,1.69432125675771,"69.1% CI","[-5.9133, -4.7757]",TRUE
-5.91443461948062,-4.77450852596473,1.1399260935159,0.692,0.846,0.308,1.69899774396719,"69.2% CI","[-5.9144, -4.7745]",TRUE
-5.91561408153718,-4.77332906390817,1.14228501762901,0.693,0.8465,0.307,1.70368943929191,"69.3% CI","[-5.9156, -4.7733]",TRUE
-5.91679609083098,-4.77214705461437,1.1446490362166,0.694,0.847,0.306,1.70839644196944,"69.4% CI","[-5.9168, -4.7721]",TRUE
-5.91798066369412,-4.77096248175123,1.14701818194288,0.695,0.8475,0.305,1.71311885221184,"69.5% CI","[-5.918, -4.771]",TRUE
-5.91916781661129,-4.76977532883406,1.14939248777724,0.696,0.848,0.304,1.7178567712185,"69.6% CI","[-5.9192, -4.7698]",TRUE
-5.92035756622172,-4.76858557922363,1.15177198699809,0.697,0.8485,0.303,1.72261030118914,"69.7% CI","[-5.9204, -4.7686]",TRUE
-5.92154992932113,-4.76739321612422,1.1541567131969,0.698,0.849,0.302,1.72737954533701,"69.8% CI","[-5.9215, -4.7674]",TRUE
-5.92274492286377,-4.76619822258158,1.15654670028219,0.699,0.8495,0.301,1.73216460790238,"69.9% CI","[-5.9227, -4.7662]",TRUE
-5.92394256396449,-4.76500058148086,1.15894198248362,0.7,0.85,0.3,1.73696559416621,"70% CI","[-5.9239, -4.765]",TRUE
-5.92514286990076,-4.76380027554459,1.16134259435618,0.701,0.8505,0.299,1.74178261046398,"70.1% CI","[-5.9251, -4.7638]",TRUE
-5.92634585811487,-4.76259728733048,1.16374857078439,0.702,0.851,0.298,1.74661576419993,"70.2% CI","[-5.9263, -4.7626]",TRUE
-5.92755154621599,-4.76139159922936,1.16615994698662,0.703,0.8515,0.297,1.75146516386132,"70.3% CI","[-5.9276, -4.7614]",TRUE
-5.92875995198241,-4.76018319346294,1.16857675851948,0.704,0.852,0.296,1.75633091903314,"70.4% CI","[-5.9288, -4.7602]",TRUE
-5.92997109336378,-4.75897205208157,1.1709990412822,0.705,0.8525,0.295,1.76121314041288,"70.5% CI","[-5.93, -4.759]",TRUE
-5.93118498848329,-4.75775815696206,1.17342683152123,0.706,0.853,0.294,1.76611193982572,"70.6% CI","[-5.9312, -4.7578]",TRUE
-5.93240165564005,-4.7565414898053,1.17586016583476,0.707,0.8535,0.293,1.77102743023984,"70.7% CI","[-5.9324, -4.7565]",TRUE
-5.93362111331139,-4.75532203213396,1.17829908117742,0.708,0.854,0.292,1.77595972578207,"70.8% CI","[-5.9336, -4.7553]",TRUE
-5.9348433801552,-4.75409976529015,1.18074361486506,0.709,0.8545,0.291,1.7809089417538,"70.9% CI","[-5.9348, -4.7541]",TRUE
-5.93606847501242,-4.75287467043293,1.18319380457949,0.71,0.855,0.29,1.78587519464715,"71% CI","[-5.9361, -4.7529]",TRUE
-5.93729641690941,-4.75164672853594,1.18564968837348,0.711,0.8555,0.289,1.79085860216141,"71.1% CI","[-5.9373, -4.7516]",TRUE
-5.93852722506052,-4.75041592038483,1.18811130467569,0.712,0.856,0.288,1.79585928321977,"71.2% CI","[-5.9385, -4.7504]",TRUE
-5.93976091887056,-4.74918222657479,1.19057869229578,0.713,0.8565,0.287,1.8008773579864,"71.3% CI","[-5.9398, -4.7492]",TRUE
-5.94099751793745,-4.7479456275079,1.19305189042954,0.714,0.857,0.286,1.8059129478837,"71.4% CI","[-5.941, -4.7479]",TRUE
-5.94223704205477,-4.74670610339058,1.19553093866419,0.715,0.8575,0.285,1.81096617560998,"71.5% CI","[-5.9422, -4.7467]",TRUE
-5.9434795112145,-4.74546363423085,1.19801587698366,0.716,0.858,0.284,1.8160371651574,"71.6% CI","[-5.9435, -4.7455]",TRUE
-5.9447249456097,-4.74421819983564,1.20050674577406,0.717,0.8585,0.283,1.8211260418302,"71.7% CI","[-5.9447, -4.7442]",TRUE
-5.94597336563728,-4.74296977980807,1.20300358582921,0.718,0.859,0.282,1.82623293226329,"71.8% CI","[-5.946, -4.743]",TRUE
-5.94722479190079,-4.74171835354456,1.20550643835623,0.719,0.8595,0.281,1.83135796444116,"71.9% CI","[-5.9472, -4.7417]",TRUE
-5.94847924521333,-4.74046390023202,1.20801534498131,0.72,0.86,0.28,1.83650126771712,"72% CI","[-5.9485, -4.7405]",TRUE
-5.94973674660041,-4.73920639884494,1.21053034775547,0.721,0.8605,0.279,1.8416629728329,"72.1% CI","[-5.9497, -4.7392]",TRUE
-5.95099731730294,-4.73794582814241,1.21305148916053,0.722,0.861,0.278,1.84684321193858,"72.2% CI","[-5.951, -4.7379]",TRUE
-5.95226097878023,-4.73668216666512,1.21557881211512,0.723,0.8615,0.277,1.8520421186129,"72.3% CI","[-5.9523, -4.7367]",TRUE
-5.95352775271307,-4.73541539273228,1.21811235998079,0.724,0.862,0.276,1.85725982788392,"72.4% CI","[-5.9535, -4.7354]",TRUE
-5.95479766100683,-4.73414548443852,1.2206521765683,0.725,0.8625,0.275,1.86249647625006,"72.5% CI","[-5.9548, -4.7341]",TRUE
-5.95607072579464,-4.73287241965071,1.22319830614393,0.726,0.863,0.274,1.86775220170156,"72.6% CI","[-5.9561, -4.7329]",TRUE
-5.95734696944065,-4.7315961760047,1.22575079343595,0.727,0.8635,0.273,1.87302714374223,"72.7% CI","[-5.9573, -4.7316]",TRUE
-5.9586264145433,-4.73031673090206,1.22830968364124,0.728,0.864,0.272,1.87832144341175,"72.8% CI","[-5.9586, -4.7303]",TRUE
-5.95990908393864,-4.72903406150671,1.23087502243192,0.729,0.8645,0.271,1.88363524330822,"72.9% CI","[-5.9599, -4.729]",TRUE
-5.9611950007038,-4.72774814474155,1.23344685596225,0.73,0.865,0.27,1.88896868761126,"73% CI","[-5.9612, -4.7277]",TRUE
-5.96248418816043,-4.72645895728492,1.23602523087551,0.731,0.8655,0.269,1.89432192210546,"73.1% CI","[-5.9625, -4.7265]",TRUE
-5.96377666987823,-4.72516647556712,1.2386101943111,0.732,0.866,0.268,1.89969509420431,"73.2% CI","[-5.9638, -4.7252]",TRUE
-5.96507246967855,-4.7238706757668,1.24120179391174,0.733,0.8665,0.267,1.90508835297453,"73.3% CI","[-5.9651, -4.7239]",TRUE
-5.96637161163807,-4.72257153380728,1.24380007783079,0.734,0.867,0.266,1.9105018491609,"73.4% CI","[-5.9664, -4.7226]",TRUE
-5.96767412009255,-4.7212690253528,1.24640509473974,0.735,0.8675,0.265,1.91593573521153,"73.5% CI","[-5.9677, -4.7213]",TRUE
-5.96898001964056,-4.71996312580479,1.24901689383577,0.736,0.868,0.264,1.92139016530363,"73.6% CI","[-5.969, -4.72]",TRUE
-5.97028933514744,-4.71865381029791,1.25163552484954,0.737,0.8685,0.263,1.92686529536978,"73.7% CI","[-5.9703, -4.7187]",TRUE
-5.9716020917492,-4.71734105369615,1.25426103805304,0.738,0.869,0.262,1.93236128312464,"73.8% CI","[-5.9716, -4.7173]",TRUE
-5.97291831485651,-4.71602483058884,1.25689348426767,0.739,0.8695,0.261,1.9378782880922,"73.9% CI","[-5.9729, -4.716]",TRUE
-5.97423803015888,-4.71470511528647,1.2595329148724,0.74,0.87,0.26,1.94341647163363,"74% CI","[-5.9742, -4.7147]",TRUE
-5.97556126362872,-4.71338188181663,1.26217938181209,0.741,0.8705,0.259,1.94897599697553,"74.1% CI","[-5.9756, -4.7134]",TRUE
-5.97688804152569,-4.71205510391966,1.26483293760604,0.742,0.871,0.258,1.95455702923883,"74.2% CI","[-5.9769, -4.7121]",TRUE
-5.97821839040097,-4.71072475504438,1.2674936353566,0.743,0.8715,0.257,1.96015973546821,"74.3% CI","[-5.9782, -4.7107]",TRUE
-5.97955233710169,-4.70939080834366,1.27016152875803,0.744,0.872,0.256,1.96578428466209,"74.4% CI","[-5.9796, -4.7094]",TRUE
-5.98088990877542,-4.70805323666993,1.27283667210548,0.745,0.8725,0.255,1.97143084780323,"74.5% CI","[-5.9809, -4.7081]",TRUE
-5.98223113287475,-4.7067120125706,1.27551912030415,0.746,0.873,0.254,1.97709959788992,"74.6% CI","[-5.9822, -4.7067]",TRUE
-5.98357603716199,-4.70536710828336,1.27820892887863,0.747,0.8735,0.253,1.98279070996778,"74.7% CI","[-5.9836, -4.7054]",TRUE
-5.9849246497139,-4.70401849573145,1.28090615398244,0.748,0.874,0.252,1.98850436116217,"74.8% CI","[-5.9849, -4.704]",TRUE
-5.98627699892654,-4.70266614651881,1.28361085240773,0.749,0.8745,0.251,1.99424073071132,"74.9% CI","[-5.9863, -4.7027]",TRUE
-5.98763311352026,-4.70131003192509,1.28632308159517,0.75,0.875,0.25,2,"75% CI","[-5.9876, -4.7013]",TRUE
-5.9889930225447,-4.69995012290066,1.28904289964404,0.751,0.8755,0.249,2.00578235259401,"75.1% CI","[-5.989, -4.7]",TRUE
-5.99035675538394,-4.69858639006141,1.29177036532253,0.752,0.876,0.248,2.01158797427521,"75.2% CI","[-5.9904, -4.6986]",TRUE
-5.99172434176179,-4.69721880368356,1.29450553807824,0.753,0.8765,0.247,2.01741705307741,"75.3% CI","[-5.9917, -4.6972]",TRUE
-5.99309581174709,-4.69584733369826,1.29724847804884,0.754,0.877,0.246,2.02326977932285,"75.4% CI","[-5.9931, -4.6958]",TRUE
-5.99447119575918,-4.69447194968617,1.29999924607302,0.755,0.8775,0.245,2.02914634565952,"75.5% CI","[-5.9945, -4.6945]",TRUE
-5.99585052457349,-4.69309262087186,1.30275790370162,0.756,0.878,0.244,2.0350469470992,"75.6% CI","[-5.9959, -4.6931]",TRUE
-5.99723382932716,-4.69170931611819,1.30552451320898,0.757,0.8785,0.243,2.04097178105631,"75.7% CI","[-5.9972, -4.6917]",TRUE
-5.99862114152492,-4.69032200392043,1.30829913760448,0.758,0.879,0.242,2.04692104738749,"75.8% CI","[-5.9986, -4.6903]",TRUE
-6.0000124930449,-4.68893065240045,1.31108184064444,0.759,0.8795,0.241,2.05289494843213,"75.9% CI","[-6, -4.6889]",TRUE
-6.00140791614473,-4.68753522930062,1.3138726868441,0.76,0.88,0.24,2.05889368905357,"76% CI","[-6.0014, -4.6875]",TRUE
-6.00280744346766,-4.68613570197769,1.31667174148997,0.761,0.8805,0.239,2.06491747668134,"76.1% CI","[-6.0028, -4.6861]",TRUE
-6.00421110804886,-4.68473203739649,1.31947907065236,0.762,0.881,0.238,2.07096652135414,"76.2% CI","[-6.0042, -4.6847]",TRUE
-6.00561894332178,-4.68332420212357,1.32229474119821,0.763,0.8815,0.237,2.07704103576383,"76.3% CI","[-6.0056, -4.6833]",TRUE
-6.00703098312475,-4.6819121623206,1.32511882080414,0.764,0.882,0.236,2.08314123530025,"76.4% CI","[-6.007, -4.6819]",TRUE
-6.0084472617076,-4.68049588373775,1.32795137796986,0.765,0.8825,0.235,2.08926733809709,"76.5% CI","[-6.0084, -4.6805]",TRUE
-6.00986781373853,-4.67907533170682,1.3307924820317,0.766,0.883,0.234,2.09541956507868,"76.6% CI","[-6.0099, -4.6791]",TRUE
-6.01129267431099,-4.67765047113436,1.33364220317663,0.767,0.8835,0.233,2.10159814000781,"76.7% CI","[-6.0113, -4.6777]",TRUE
-6.01272187895086,-4.67622126649449,1.33650061245637,0.768,0.884,0.232,2.10780328953452,"76.8% CI","[-6.0127, -4.6762]",TRUE
-6.01415546362366,-4.67478768182169,1.33936778180197,0.769,0.8845,0.231,2.11403524324603,"76.9% CI","[-6.0142, -4.6748]",TRUE
-6.01559346474196,-4.67334968070339,1.34224378403857,0.77,0.885,0.23,2.12029423371771,"77% CI","[-6.0156, -4.6733]",TRUE
-6.01703591917294,-4.67190722627241,1.34512869290054,0.771,0.8855,0.229,2.12658049656514,"77.1% CI","[-6.017, -4.6719]",TRUE
-6.01848286424615,-4.6704602811992,1.34802258304695,0.772,0.886,0.228,2.13289427049735,"77.2% CI","[-6.0185, -4.6705]",TRUE
-6.01993433776134,-4.66900880768401,1.35092553007732,0.773,0.8865,0.227,2.13923579737117,"77.3% CI","[-6.0199, -4.669]",TRUE
-6.02139037799656,-4.66755276744879,1.35383761054778,0.774,0.887,0.226,2.1456053222469,"77.4% CI","[-6.0214, -4.6676]",TRUE
-6.02285102371642,-4.66609212172893,1.3567589019875,0.775,0.8875,0.225,2.15200309344505,"77.5% CI","[-6.0229, -4.6661]",TRUE
-6.02431631418045,-4.6646268312649,1.35968948291555,0.776,0.888,0.224,2.15842936260448,"77.6% CI","[-6.0243, -4.6646]",TRUE
-6.02578628915172,-4.66315685629363,1.36262943285809,0.777,0.8885,0.223,2.16488438474178,"77.7% CI","[-6.0258, -4.6632]",TRUE
-6.02726098890564,-4.66168215653971,1.36557883236593,0.778,0.889,0.222,2.17136841831198,"77.8% CI","[-6.0273, -4.6617]",TRUE
-6.02874045423895,-4.6602026912064,1.36853776303254,0.779,0.8895,0.221,2.17788172527066,"77.9% CI","[-6.0287, -4.6602]",TRUE
-6.03022472647885,-4.6587184189665,1.37150630751235,0.78,0.89,0.22,2.18442457113743,"78% CI","[-6.0302, -4.6587]",TRUE
-6.03171384749246,-4.65722929795289,1.37448454953956,0.781,0.8905,0.219,2.19099722506091,"78.1% CI","[-6.0317, -4.6572]",TRUE
-6.03320785969633,-4.65573528574902,1.37747257394731,0.782,0.891,0.218,2.19759995988516,"78.2% CI","[-6.0332, -4.6557]",TRUE
-6.03470680606634,-4.65423633937901,1.38047046668733,0.783,0.8915,0.217,2.20423305221761,"78.3% CI","[-6.0347, -4.6542]",TRUE
-6.03621073014765,-4.6527324152977,1.38347831484996,0.784,0.892,0.216,2.21089678249862,"78.4% CI","[-6.0362, -4.6527]",TRUE
-6.03771967606503,-4.65122346938032,1.3864962066847,0.785,0.8925,0.215,2.21759143507263,"78.5% CI","[-6.0377, -4.6512]",TRUE
-6.03923368853327,-4.64970945691208,1.3895242316212,0.786,0.893,0.214,2.22431729826094,"78.6% CI","[-6.0392, -4.6497]",TRUE
-6.04075281286802,-4.64819033257733,1.3925624802907,0.787,0.8935,0.213,2.23107466443625,"78.7% CI","[-6.0408, -4.6482]",TRUE
-6.04227709499668,-4.64666605044867,1.39561104454801,0.788,0.894,0.212,2.23786383009889,"78.8% CI","[-6.0423, -4.6467]",TRUE
-6.04380658146966,-4.64513656397569,1.39867001749397,0.789,0.8945,0.211,2.2446850959549,"78.9% CI","[-6.0438, -4.6451]",TRUE
-6.0453413194719,-4.64360182597346,1.40173949349844,0.79,0.895,0.21,2.25153876699596,"79% CI","[-6.0453, -4.6436]",TRUE
-6.04688135683459,-4.64206178861076,1.40481956822384,0.791,0.8955,0.209,2.2584251525812,"79.1% CI","[-6.0469, -4.6421]",TRUE
-6.04842674204727,-4.64051640339808,1.40791033864918,0.792,0.896,0.208,2.265344566521,"79.2% CI","[-6.0484, -4.6405]",TRUE
-6.04997752427006,-4.63896562117529,1.41101190309478,0.793,0.8965,0.207,2.27229732716276,"79.3% CI","[-6.05, -4.639]",TRUE
-6.05153375334638,-4.63740939209897,1.41412436124741,0.794,0.897,0.206,2.27928375747887,"79.4% CI","[-6.0515, -4.6374]",TRUE
-6.05309547981577,-4.63584766562958,1.41724781418618,0.795,0.8975,0.205,2.28630418515664,"79.5% CI","[-6.0531, -4.6358]",TRUE
-6.05466275492716,-4.63428039051819,1.42038236440898,0.796,0.898,0.204,2.29335894269059,"79.6% CI","[-6.0547, -4.6343]",TRUE
-6.05623563065242,-4.63270751479292,1.4235281158595,0.797,0.8985,0.203,2.30044836747691,"79.7% CI","[-6.0562, -4.6327]",TRUE
-6.05781415970019,-4.63112898574516,1.42668517395504,0.798,0.899,0.202,2.30757280191029,"79.8% CI","[-6.0578, -4.6311]",TRUE
-6.05939839553011,-4.62954474991524,1.42985364561486,0.799,0.8995,0.201,2.31473259348316,"79.9% CI","[-6.0594, -4.6295]",TRUE
-6.06098839236734,-4.62795475307801,1.43303363928932,0.8,0.9,0.2,2.32192809488736,"80% CI","[-6.061, -4.628]",TRUE
-6.0625842052175,-4.62635894022786,1.43622526498964,0.801,0.9005,0.199,2.32915966411844,"80.1% CI","[-6.0626, -4.6264]",TRUE
-6.06418588988192,-4.62475725556343,1.43942863431849,0.802,0.901,0.198,2.33642766458248,"80.2% CI","[-6.0642, -4.6248]",TRUE
-6.06579350297331,-4.62314964247204,1.44264386050126,0.803,0.9015,0.197,2.34373246520571,"80.3% CI","[-6.0658, -4.6231]",TRUE
-6.06740710193176,-4.62153604351359,1.44587105841818,0.804,0.902,0.196,2.35107444054688,"80.4% CI","[-6.0674, -4.6215]",TRUE
-6.06902674504124,-4.61991640040411,1.44911034463713,0.805,0.9025,0.195,2.35845397091248,"80.5% CI","[-6.069, -4.6199]",TRUE
-6.07065249144638,-4.61829065399897,1.45236183744742,0.806,0.903,0.194,2.36587144247496,"80.6% CI","[-6.0707, -4.6183]",TRUE
-6.07228440116983,-4.61665874427552,1.45562565689431,0.807,0.9035,0.193,2.37332724739401,"80.7% CI","[-6.0723, -4.6167]",TRUE
-6.0739225351299,-4.61502061031545,1.45890192481446,0.808,0.904,0.192,2.38082178394093,"80.8% CI","[-6.0739, -4.615]",TRUE
-6.0755669551588,-4.61337619028655,1.46219076487225,0.809,0.9045,0.191,2.38835545662634,"80.9% CI","[-6.0756, -4.6134]",TRUE
-6.07721772402122,-4.61172542142413,1.46549230259709,0.81,0.905,0.19,2.39592867633114,"81% CI","[-6.0772, -4.6117]",TRUE
-6.07887490543348,-4.61006824001187,1.46880666542161,0.811,0.9055,0.189,2.40354186044101,"81.1% CI","[-6.0789, -4.6101]",TRUE
-6.08053856408315,-4.6084045813622,1.47213398272094,0.812,0.906,0.188,2.41119543298445,"81.2% CI","[-6.0805, -4.6084]",TRUE
-6.08220876564913,-4.60673437979622,1.47547438585291,0.813,0.9065,0.187,2.41888982477445,"81.3% CI","[-6.0822, -4.6067]",TRUE
-6.08388557682236,-4.60505756862299,1.47882800819936,0.814,0.907,0.186,2.42662547355406,"81.4% CI","[-6.0839, -4.6051]",TRUE
-6.08556906532697,-4.60337408011838,1.48219498520859,0.815,0.9075,0.185,2.43440282414577,"81.5% CI","[-6.0856, -4.6034]",TRUE
-6.08725929994207,-4.60168384550328,1.48557545443879,0.816,0.908,0.184,2.44222232860507,"81.6% CI","[-6.0873, -4.6017]",TRUE
-6.08895635052406,-4.59998679492129,1.48896955560278,0.817,0.9085,0.183,2.45008444637804,"81.7% CI","[-6.089, -4.6]",TRUE
-6.0906602880296,-4.59828285741575,1.49237743061385,0.818,0.909,0.182,2.45798964446339,"81.8% CI","[-6.0907, -4.5983]",TRUE
-6.09237118453912,-4.59657196090623,1.49579922363289,0.819,0.9095,0.181,2.46593839757888,"81.9% CI","[-6.0924, -4.5966]",TRUE
-6.09408911328105,-4.5948540321643,1.49923508111676,0.82,0.91,0.18,2.47393118833241,"82% CI","[-6.0941, -4.5949]",TRUE
-6.09581414865666,-4.59312899678869,1.50268515186797,0.821,0.9105,0.179,2.48196850739783,"82.1% CI","[-6.0958, -4.5931]",TRUE
-6.09754636626558,-4.59139677917977,1.50614958708581,0.822,0.911,0.178,2.49005085369569,"82.2% CI","[-6.0975, -4.5914]",TRUE
-6.09928584293204,-4.58965730251331,1.50962854041873,0.823,0.9115,0.177,2.49817873457909,"82.3% CI","[-6.0993, -4.5897]",TRUE
-6.10103265673186,-4.58791048871349,1.51312216801836,0.824,0.912,0.176,2.50635266602479,"82.4% CI","[-6.101, -4.5879]",TRUE
-6.1027868870201,-4.58615625842525,1.51663062859485,0.825,0.9125,0.175,2.51457317282976,"82.5% CI","[-6.1028, -4.5862]",TRUE
-6.10454861445962,-4.58439453098573,1.52015408347389,0.826,0.913,0.174,2.52284078881336,"82.6% CI","[-6.1045, -4.5844]",TRUE
-6.10631792105032,-4.58262522439503,1.52369269665529,0.827,0.9135,0.173,2.53115605702536,"82.7% CI","[-6.1063, -4.5826]",TRUE
-6.1080948901593,-4.58084825528605,1.52724663487325,0.828,0.914,0.172,2.53951952995999,"82.8% CI","[-6.1081, -4.5808]",TRUE
-6.10987960655181,-4.57906353889354,1.53081606765827,0.829,0.9145,0.171,2.54793176977619,"82.9% CI","[-6.1099, -4.5791]",TRUE
-6.11167215642313,-4.57727098902222,1.53440116740092,0.83,0.915,0.17,2.55639334852438,"83% CI","[-6.1117, -4.5773]",TRUE
-6.11347262743139,-4.57547051801396,1.53800210941743,0.831,0.9155,0.169,2.5649048483799,"83.1% CI","[-6.1135, -4.5755]",TRUE
-6.11528110873125,-4.5736620367141,1.54161907201716,0.832,0.916,0.168,2.57346686188333,"83.2% CI","[-6.1153, -4.5737]",TRUE
-6.11709769100869,-4.57184545443666,1.54525223657204,0.833,0.9165,0.167,2.58207999218803,"83.3% CI","[-6.1171, -4.5718]",TRUE
-6.11892246651672,-4.57002067892863,1.54890178758808,0.834,0.917,0.166,2.59074485331516,"83.4% CI","[-6.1189, -4.57]",TRUE
-6.12075552911217,-4.56818761633318,1.55256791277899,0.835,0.9175,0.165,2.59946207041627,"83.5% CI","[-6.1208, -4.5682]",TRUE
-6.12259697429364,-4.56634617115171,1.55625080314193,0.836,0.918,0.164,2.608232280044,"83.6% CI","[-6.1226, -4.5663]",TRUE
-6.12444689924048,-4.56449624620487,1.55995065303561,0.837,0.9185,0.163,2.61705613043101,"83.7% CI","[-6.1244, -4.5645]",TRUE
-6.12630540285301,-4.56263774259234,1.56366766026068,0.838,0.919,0.162,2.62593428177746,"83.8% CI","[-6.1263, -4.5626]",TRUE
-6.12817258579396,-4.56077055965139,1.56740202614257,0.839,0.9195,0.161,2.63486740654747,"83.9% CI","[-6.1282, -4.5608]",TRUE
-6.13004855053113,-4.55889459491422,1.5711539556169,0.84,0.92,0.16,2.64385618977472,"84% CI","[-6.13, -4.5589]",TRUE
-6.13193340138138,-4.55700974406397,1.57492365731742,0.841,0.9205,0.159,2.65290132937773,"84.1% CI","[-6.1319, -4.557]",TRUE
-6.13382724455604,-4.55511590088931,1.57871134366672,0.842,0.921,0.158,2.66200353648498,"84.2% CI","[-6.1338, -4.5551]",TRUE
-6.13573018820757,-4.55321295723778,1.58251723096979,0.843,0.9215,0.157,2.67116353577046,"84.3% CI","[-6.1357, -4.5532]",TRUE
-6.13764234247788,-4.55130080296747,1.58634153951041,0.844,0.922,0.156,2.68038206579984,"84.4% CI","[-6.1376, -4.5513]",TRUE
-6.13956381954801,-4.54937932589734,1.59018449365067,0.845,0.9225,0.155,2.68965987938785,"84.5% CI","[-6.1396, -4.5494]",TRUE
-6.14149473368946,-4.54744841175589,1.59404632193358,0.846,0.923,0.154,2.69899774396719,"84.6% CI","[-6.1415, -4.5474]",TRUE
-6.14343520131714,-4.54550794412821,1.59792725718894,0.847,0.9235,0.153,2.70839644196943,"84.7% CI","[-6.1434, -4.5455]",TRUE
-6.14538534104401,-4.54355780440134,1.60182753664267,0.848,0.924,0.152,2.7178567712185,"84.8% CI","[-6.1454, -4.5436]",TRUE
-6.1473452737375,-4.54159787170786,1.60574740202964,0.849,0.9245,0.151,2.72737954533701,"84.9% CI","[-6.1473, -4.5416]",TRUE
-6.14931512257773,-4.53962802286762,1.60968709971011,0.85,0.925,0.15,2.73696559416621,"85% CI","[-6.1493, -4.5396]",TRUE
-6.15129501311772,-4.53764813232763,1.61364688079009,0.851,0.9255,0.149,2.74661576419993,"85.1% CI","[-6.1513, -4.5376]",TRUE
-6.15328507334545,-4.5356580720999,1.61762700124556,0.852,0.926,0.148,2.75633091903314,"85.2% CI","[-6.1533, -4.5357]",TRUE
-6.15528543374811,-4.53365771169724,1.62162772205087,0.853,0.9265,0.147,2.76611193982572,"85.3% CI","[-6.1553, -4.5337]",TRUE
-6.15729622737839,-4.53164691806696,1.62564930931143,0.854,0.927,0.146,2.77595972578207,"85.4% CI","[-6.1573, -4.5316]",TRUE
-6.15931758992309,-4.52962555552226,1.62969203440084,0.855,0.9275,0.145,2.78587519464715,"85.5% CI","[-6.1593, -4.5296]",TRUE
-6.16134965977399,-4.52759348567136,1.63375617410263,0.856,0.928,0.144,2.79585928321977,"85.6% CI","[-6.1613, -4.5276]",TRUE
-6.16339257810115,-4.5255505673442,1.63784201075695,0.857,0.9285,0.143,2.8059129478837,"85.7% CI","[-6.1634, -4.5256]",TRUE
-6.16544648892874,-4.52349665651661,1.64194983241212,0.858,0.929,0.142,2.8160371651574,"85.8% CI","[-6.1654, -4.5235]",TRUE
-6.16751153921348,-4.52143160623187,1.64607993298162,0.859,0.9295,0.141,2.82623293226329,"85.9% CI","[-6.1675, -4.5214]",TRUE
-6.16958787892585,-4.5193552665195,1.65023261240636,0.86,0.93,0.14,2.83650126771712,"86% CI","[-6.1696, -4.5194]",TRUE
-6.17167566113406,-4.51726748431129,1.65440817682277,0.861,0.9305,0.139,2.84684321193858,"86.1% CI","[-6.1717, -4.5173]",TRUE
-6.17377504209108,-4.51516810335427,1.6586069387368,0.862,0.931,0.138,2.85725982788392,"86.2% CI","[-6.1738, -4.5152]",TRUE
-6.17588618132471,-4.51305696412064,1.66282921720406,0.863,0.9315,0.137,2.86775220170156,"86.3% CI","[-6.1759, -4.5131]",TRUE
-6.17800924173092,-4.51093390371444,1.66707533801648,0.864,0.932,0.136,2.87832144341175,"86.4% CI","[-6.178, -4.5109]",TRUE
-6.18014438967051,-4.50879875577484,1.67134563389568,0.865,0.9325,0.135,2.88896868761126,"86.5% CI","[-6.1801, -4.5088]",TRUE
-6.18229179506936,-4.50665135037599,1.67564044469337,0.866,0.933,0.134,2.89969509420431,"86.6% CI","[-6.1823, -4.5067]",TRUE
-6.18445163152226,-4.50449151392309,1.67996011759917,0.867,0.9335,0.133,2.9105018491609,"86.7% CI","[-6.1845, -4.5045]",TRUE
-6.18662407640065,-4.5023190690447,1.68430500735595,0.868,0.934,0.132,2.92139016530363,"86.8% CI","[-6.1866, -4.5023]",TRUE
-6.18880931096435,-4.500133834481,1.68867547648335,0.869,0.9345,0.131,2.93236128312464,"86.9% CI","[-6.1888, -4.5001]",TRUE
-6.19100752047747,-4.49793562496788,1.6930718955096,0.87,0.935,0.13,2.94341647163363,"87% CI","[-6.191, -4.4979]",TRUE
-6.19321889432872,-4.49572425111663,1.69749464321208,0.871,0.9355,0.129,2.95455702923883,"87.1% CI","[-6.1932, -4.4957]",TRUE
-6.19544362615624,-4.49349951928911,1.70194410686713,0.872,0.936,0.128,2.96578428466209,"87.2% CI","[-6.1954, -4.4935]",TRUE
-6.19768191397734,-4.49126123146801,1.70642068250932,0.873,0.9365,0.127,2.97709959788992,"87.3% CI","[-6.1977, -4.4913]",TRUE
-6.19993396032314,-4.48900918512221,1.71092477520092,0.874,0.937,0.126,2.98850436116217,"87.4% CI","[-6.1999, -4.489]",TRUE
-6.20219997237853,-4.48674317306682,1.7154567993117,0.875,0.9375,0.125,3,"87.5% CI","[-6.2022, -4.4867]",TRUE
-6.20448016212761,-4.48446298331774,1.72001717880987,0.876,0.938,0.124,3.01158797427521,"87.6% CI","[-6.2045, -4.4845]",TRUE
-6.20677474650491,-4.48216839894044,1.72460634756448,0.877,0.9385,0.123,3.02326977932285,"87.7% CI","[-6.2068, -4.4822]",TRUE
-6.20908394755263,-4.47985919789272,1.72922474965991,0.878,0.939,0.122,3.0350469470992,"87.8% CI","[-6.2091, -4.4799]",TRUE
-6.21140799258422,-4.47753515286113,1.73387283972308,0.879,0.9395,0.121,3.04692104738749,"87.9% CI","[-6.2114, -4.4775]",TRUE
-6.21374711435461,-4.47519603109074,1.73855108326386,0.88,0.94,0.12,3.05889368905357,"88% CI","[-6.2137, -4.4752]",TRUE
-6.21610155123744,-4.47284159420791,1.74325995702954,0.881,0.9405,0.119,3.07096652135414,"88.1% CI","[-6.2161, -4.4728]",TRUE
-6.21847154740959,-4.47047159803576,1.74799994937382,0.882,0.941,0.118,3.08314123530025,"88.2% CI","[-6.2185, -4.4705]",TRUE
-6.22085735304332,-4.46808579240203,1.75277156064129,0.883,0.9415,0.117,3.09541956507868,"88.3% CI","[-6.2209, -4.4681]",TRUE
-6.22325922450668,-4.46568392093867,1.757575303568,0.884,0.942,0.116,3.10780328953452,"88.4% CI","[-6.2233, -4.4657]",TRUE
-6.22567742457217,-4.46326572087318,1.762411703699,0.885,0.9425,0.115,3.12029423371771,"88.5% CI","[-6.2257, -4.4633]",TRUE
-6.22811222263456,-4.46083092281079,1.76728129982377,0.886,0.943,0.114,3.13289427049735,"88.6% CI","[-6.2281, -4.4608]",TRUE
-6.2305638949379,-4.45837925050745,1.77218464443045,0.887,0.9435,0.113,3.1456053222469,"88.7% CI","[-6.2306, -4.4584]",TRUE
-6.23303272481256,-4.45591042063279,1.77712230417976,0.888,0.944,0.112,3.15842936260448,"88.8% CI","[-6.233, -4.4559]",TRUE
-6.23551900292259,-4.45342414252276,1.78209486039982,0.889,0.9445,0.111,3.17136841831198,"88.9% CI","[-6.2355, -4.4534]",TRUE
-6.23802302752409,-4.45092011792126,1.78710290960283,0.89,0.945,0.11,3.18442457113743,"89% CI","[-6.238, -4.4509]",TRUE
-6.24054510473512,-4.44839804071023,1.7921470640249,0.891,0.9455,0.109,3.19759995988516,"89.1% CI","[-6.2405, -4.4484]",TRUE
-6.24308554881777,-4.44585759662758,1.79722795219019,0.892,0.946,0.108,3.21089678249862,"89.2% CI","[-6.2431, -4.4459]",TRUE
-6.2456446824731,-4.44329846297225,1.80234621950085,0.893,0.9465,0.107,3.22431729826094,"89.3% CI","[-6.2456, -4.4433]",TRUE
-6.24822283714964,-4.44072030829571,1.80750252885393,0.894,0.947,0.106,3.23786383009889,"89.4% CI","[-6.2482, -4.4407]",TRUE
-6.25082035336622,-4.43812279207913,1.81269756128709,0.895,0.9475,0.105,3.25153876699596,"89.5% CI","[-6.2508, -4.4381]",TRUE
-6.25343758104989,-4.43550556439546,1.81793201665443,0.896,0.948,0.104,3.265344566521,"89.6% CI","[-6.2534, -4.4355]",TRUE
-6.25607487988988,-4.43286826555547,1.82320661433441,0.897,0.9485,0.103,3.27928375747887,"89.7% CI","[-6.2561, -4.4329]",TRUE
-6.25873261970843,-4.43021052573692,1.82852209397151,0.898,0.949,0.102,3.29335894269059,"89.8% CI","[-6.2587, -4.4302]",TRUE
-6.26141118084954,-4.42753196459581,1.83387921625373,0.899,0.9495,0.101,3.30757280191029,"89.9% CI","[-6.2614, -4.4275]",TRUE
-6.26411095458666,-4.4248321908587,1.83927876372796,0.9,0.95,0.1,3.32192809488736,"90% CI","[-6.2641, -4.4248]",TRUE
-6.26683234355041,-4.42211080189494,1.84472154165547,0.901,0.9505,0.099,3.33642766458248,"90.1% CI","[-6.2668, -4.4221]",TRUE
-6.26957576217766,-4.41936738326769,1.85020837890998,0.902,0.951,0.098,3.35107444054688,"90.2% CI","[-6.2696, -4.4194]",TRUE
-6.27234163718308,-4.41660150826227,1.85574012892081,0.903,0.9515,0.097,3.36587144247496,"90.3% CI","[-6.2723, -4.4166]",TRUE
-6.27513040805464,-4.41381273739071,1.86131767066392,0.904,0.952,0.096,3.38082178394093,"90.4% CI","[-6.2751, -4.4138]",TRUE
-6.27794252757457,-4.41100061787078,1.8669419097038,0.905,0.9525,0.095,3.39592867633114,"90.5% CI","[-6.2779, -4.411]",TRUE
-6.28077846236732,-4.40816468307803,1.87261377928928,0.906,0.953,0.094,3.41119543298445,"90.6% CI","[-6.2808, -4.4082]",TRUE
-6.28363869347614,-4.40530445196921,1.87833424150692,0.907,0.9535,0.093,3.42662547355406,"90.7% CI","[-6.2836, -4.4053]",TRUE
-6.28652371697032,-4.40241942847503,1.88410428849529,0.908,0.954,0.092,3.44222232860507,"90.8% CI","[-6.2865, -4.4024]",TRUE
-6.28943404458487,-4.39950910086048,1.88992494372438,0.909,0.9545,0.091,3.45798964446339,"90.9% CI","[-6.2894, -4.3995]",TRUE
-6.29237020439483,-4.39657294105052,1.8957972633443,0.91,0.955,0.09,3.47393118833241,"91% CI","[-6.2924, -4.3966]",TRUE
-6.2953327415265,-4.39361040391885,1.90172233760766,0.911,0.9555,0.089,3.49005085369569,"91.1% CI","[-6.2953, -4.3936]",TRUE
-6.29832221890809,-4.39062092653726,1.90770129237084,0.912,0.956,0.088,3.50635266602479,"91.2% CI","[-6.2983, -4.3906]",TRUE
-6.3013392180623,-4.38760392738305,1.91373529067925,0.913,0.9565,0.087,3.52284078881336,"91.3% CI","[-6.3013, -4.3876]",TRUE
-6.30438433994389,-4.38455880550146,1.91982553444242,0.914,0.957,0.086,3.53951952995999,"91.4% CI","[-6.3044, -4.3846]",TRUE
-6.30745820582519,-4.38148493962016,1.92597326620503,0.915,0.9575,0.085,3.55639334852439,"91.5% CI","[-6.3075, -4.3815]",TRUE
-6.31056145823303,-4.37838168721232,1.93217977102071,0.916,0.958,0.084,3.57346686188333,"91.6% CI","[-6.3106, -4.3784]",TRUE
-6.31369476194054,-4.37524838350481,1.93844637843573,0.917,0.9585,0.083,3.59074485331516,"91.7% CI","[-6.3137, -4.3752]",TRUE
-6.31685880501796,-4.37208434042739,1.94477446459057,0.918,0.959,0.082,3.608232280044,"91.8% CI","[-6.3169, -4.3721]",TRUE
-6.3200542999466,-4.36888884549875,1.95116545444785,0.919,0.9595,0.081,3.62593428177746,"91.9% CI","[-6.3201, -4.3689]",TRUE
-6.32328198480059,-4.36566116064476,1.95762082415583,0.92,0.96,0.08,3.64385618977473,"92% CI","[-6.3233, -4.3657]",TRUE
-6.32654262450151,-4.36240052094384,1.96414210355768,0.921,0.9605,0.079,3.66200353648498,"92.1% CI","[-6.3265, -4.3624]",TRUE
-6.32983701215135,-4.359106133294,1.97073087885734,0.922,0.961,0.078,3.68038206579984,"92.2% CI","[-6.3298, -4.3591]",TRUE
-6.3331659704497,-4.35577717499565,1.97738879545406,0.923,0.9615,0.077,3.69899774396719,"92.3% CI","[-6.3332, -4.3558]",TRUE
-6.33653035320187,-4.35241279224348,1.9841175609584,0.924,0.962,0.076,3.7178567712185,"92.4% CI","[-6.3365, -4.3524]",TRUE
-6.33993104692476,-4.34901209852059,1.99091894840418,0.925,0.9625,0.075,3.73696559416621,"92.5% CI","[-6.3399, -4.349]",TRUE
-6.34336897255849,-4.34557417288686,1.99779479967164,0.926,0.963,0.074,3.75633091903314,"92.6% CI","[-6.3434, -4.3456]",TRUE
-6.34684508729213,-4.34209805815322,2.00474702913892,0.927,0.9635,0.073,3.77595972578207,"92.7% CI","[-6.3468, -4.3421]",TRUE
-6.3503603865129,-4.33858275893245,2.01177762758045,0.928,0.964,0.072,3.79585928321978,"92.8% CI","[-6.3504, -4.3386]",TRUE
-6.35391590588896,-4.33502723955639,2.01888866633257,0.929,0.9645,0.071,3.81603716515741,"92.9% CI","[-6.3539, -4.335]",TRUE
-6.35751272359709,-4.33143042184826,2.02608230174883,0.93,0.965,0.07,3.83650126771712,"93% CI","[-6.3575, -4.3314]",TRUE
-6.36115196270745,-4.3277911827379,2.03336077996955,0.931,0.9655,0.069,3.85725982788392,"93.1% CI","[-6.3612, -4.3278]",TRUE
-6.36483479373902,-4.32410835170633,2.0407264420327,0.932,0.966,0.068,3.87832144341175,"93.2% CI","[-6.3648, -4.3241]",TRUE
-6.36856243740071,-4.32038070804464,2.04818172935606,0.933,0.9665,0.067,3.89969509420432,"93.3% CI","[-6.3686, -4.3204]",TRUE
-6.37233616753444,-4.31660697791091,2.05572918962353,0.934,0.967,0.066,3.92139016530363,"93.4% CI","[-6.3723, -4.3166]",TRUE
-6.37615731427868,-4.31278583116667,2.06337148311202,0.935,0.9675,0.065,3.94341647163363,"93.5% CI","[-6.3762, -4.3128]",TRUE
-6.38002726747237,-4.30891587797298,2.07111138949938,0.936,0.968,0.064,3.96578428466209,"93.6% CI","[-6.38, -4.3089]",TRUE
-6.38394748032167,-4.30499566512368,2.07895181519799,0.937,0.9685,0.063,3.98850436116217,"93.7% CI","[-6.3839, -4.305]",TRUE
-6.38791947335452,-4.30102367209083,2.08689580126369,0.938,0.969,0.062,4.01158797427521,"93.8% CI","[-6.3879, -4.301]",TRUE
-6.39194483869039,-4.29699830675496,2.09494653193543,0.939,0.9695,0.061,4.0350469470992,"93.9% CI","[-6.3919, -4.297]",TRUE
-6.39602524465617,-4.29291790078918,2.10310734386698,0.94,0.97,0.06,4.05889368905357,"94% CI","[-6.396, -4.2929]",TRUE
-6.40016244078253,-4.28878070466282,2.1113817361197,0.941,0.9705,0.059,4.08314123530024,"94.1% CI","[-6.4002, -4.2888]",TRUE
-6.40435826321913,-4.28458488222622,2.11977338099291,0.942,0.971,0.058,4.10780328953451,"94.2% CI","[-6.4044, -4.2846]",TRUE
-6.40861464061172,-4.28032850483363,2.1282861357781,0.943,0.9715,0.057,4.13289427049734,"94.3% CI","[-6.4086, -4.2803]",TRUE
-6.41293360048945,-4.2760095449559,2.13692405553355,0.944,0.972,0.056,4.15842936260448,"94.4% CI","[-6.4129, -4.276]",TRUE
-6.41731727621661,-4.27162586922874,2.14569140698786,0.945,0.9725,0.055,4.18442457113743,"94.5% CI","[-6.4173, -4.2716]",TRUE
-6.42176791457013,-4.26717523087522,2.1545926836949,0.946,0.973,0.054,4.21089678249862,"94.6% CI","[-6.4218, -4.2672]",TRUE
-6.42628788401176,-4.26265526143358,2.16363262257818,0.947,0.9735,0.053,4.23786383009889,"94.7% CI","[-6.4263, -4.2627]",TRUE
-6.43087968373329,-4.25806346171206,2.17281622202122,0.948,0.974,0.052,4.26534456652099,"94.8% CI","[-6.4309, -4.2581]",TRUE
-6.43554595356322,-4.25339719188213,2.18214876168109,0.949,0.9745,0.051,4.29335894269059,"94.9% CI","[-6.4355, -4.2534]",TRUE
-6.44028948483605,-4.2486536606093,2.19163582422675,0.95,0.975,0.05,4.32192809488736,"95% CI","[-6.4403, -4.2487]",TRUE
-6.44511323233872,-4.24382991310663,2.20128331923209,0.951,0.9755,0.049,4.35107444054688,"95.1% CI","[-6.4451, -4.2438]",TRUE
-6.45002032746561,-4.23892281797974,2.21109750948586,0.952,0.976,0.048,4.38082178394093,"95.2% CI","[-6.45, -4.2389]",TRUE
-6.45501409273244,-4.23392905271291,2.22108504001952,0.953,0.9765,0.047,4.41119543298445,"95.3% CI","[-6.455, -4.2339]",TRUE
-6.4600980578217,-4.22884508762365,2.23125297019806,0.954,0.977,0.046,4.44222232860507,"95.4% CI","[-6.4601, -4.2288]",TRUE
-6.46527597735856,-4.22366716808679,2.24160880927177,0.955,0.9775,0.045,4.47393118833241,"95.5% CI","[-6.4653, -4.2237]",TRUE
-6.47055185064696,-4.21839129479839,2.25216055584857,0.956,0.978,0.044,4.50635266602479,"95.6% CI","[-6.4706, -4.2184]",TRUE
-6.47592994363236,-4.213013201813,2.26291674181936,0.957,0.9785,0.043,4.53951952995999,"95.7% CI","[-6.4759, -4.213]",TRUE
-6.48141481340059,-4.20752833204476,2.27388648135582,0.958,0.979,0.042,4.57346686188333,"95.8% CI","[-6.4814, -4.2075]",TRUE
-6.48701133557413,-4.20193180987122,2.2850795257029,0.959,0.9795,0.041,4.608232280044,"95.9% CI","[-6.487, -4.2019]",TRUE
-6.49272473502852,-4.19621841041683,2.2965063246117,0.96,0.98,0.04,4.64385618977472,"96% CI","[-6.4927, -4.1962]",TRUE
-6.49856062042586,-4.19038252501949,2.30817809540637,0.961,0.9805,0.039,4.68038206579984,"96.1% CI","[-6.4986, -4.1904]",TRUE
-6.50452502315125,-4.1844181222941,2.32010690085716,0.962,0.981,0.038,4.7178567712185,"96.2% CI","[-6.5045, -4.1844]",TRUE
-6.51062444134642,-4.17831870409893,2.33230573724749,0.963,0.9815,0.037,4.75633091903314,"96.3% CI","[-6.5106, -4.1783]",TRUE
-6.5168658898659,-4.17207725557946,2.34478863428644,0.964,0.982,0.036,4.79585928321977,"96.4% CI","[-6.5169, -4.1721]",TRUE
-6.52325695714206,-4.16568618830329,2.35757076883877,0.965,0.9825,0.035,4.83650126771712,"96.5% CI","[-6.5233, -4.1657]",TRUE
-6.529805870143,-4.15913727530235,2.37066859484065,0.966,0.983,0.034,4.87832144341175,"96.6% CI","[-6.5298, -4.1591]",TRUE
-6.53652156885139,-4.15242157659396,2.38409999225744,0.967,0.9835,0.033,4.92139016530363,"96.7% CI","[-6.5365, -4.1524]",TRUE
-6.54341379199657,-4.14552935344878,2.3978844385478,0.968,0.984,0.032,4.96578428466209,"96.8% CI","[-6.5434, -4.1455]",TRUE
-6.55049317615211,-4.13844996929324,2.41204320685887,0.969,0.9845,0.031,5.01158797427521,"96.9% CI","[-6.5505, -4.1384]",TRUE
-6.55777137079019,-4.13117177465516,2.42659959613502,0.97,0.985,0.03,5.05889368905357,"97% CI","[-6.5578, -4.1312]",TRUE
-6.56526117249143,-4.12368197295392,2.44157919953752,0.971,0.9855,0.029,5.10780328953451,"97.1% CI","[-6.5653, -4.1237]",TRUE
-6.57297668228519,-4.11596646316016,2.45701021912503,0.972,0.986,0.028,5.15842936260448,"97.2% CI","[-6.573, -4.116]",TRUE
-6.58093349109471,-4.10800965435064,2.47292383674408,0.973,0.9865,0.027,5.21089678249862,"97.3% CI","[-6.5809, -4.108]",TRUE
-6.58914889956032,-4.09979424588503,2.48935465367529,0.974,0.987,0.026,5.26534456652099,"97.4% CI","[-6.5891, -4.0998]",TRUE
-6.59764218021507,-4.09130096523028,2.5063412149848,0.975,0.9875,0.025,5.32192809488736,"97.5% CI","[-6.5976, -4.0913]",TRUE
-6.60643489223917,-4.08250825320618,2.52392663903299,0.976,0.988,0.024,5.38082178394093,"97.6% CI","[-6.6064, -4.0825]",TRUE
-6.6155512620298,-4.07339188341556,2.54215937861424,0.977,0.9885,0.023,5.44222232860507,"97.7% CI","[-6.6156, -4.0734]",TRUE
-6.62501864689347,-4.06392449855188,2.5610941483416,0.978,0.989,0.022,5.50635266602479,"97.8% CI","[-6.625, -4.0639]",TRUE
-6.63486810473797,-4.05407504070738,2.5807930640306,0.979,0.9895,0.021,5.57346686188333,"97.9% CI","[-6.6349, -4.0541]",TRUE
-6.6451351003635,-4.04380804508185,2.60132705528164,0.98,0.99,0.02,5.64385618977472,"98% CI","[-6.6451, -4.0438]",TRUE
-6.65586038981352,-4.03308275563184,2.62277763418168,0.981,0.9905,0.019,5.7178567712185,"98.1% CI","[-6.6559, -4.0331]",TRUE
-6.6670911397584,-4.02185200568695,2.64523913407146,0.982,0.991,0.018,5.79585928321977,"98.2% CI","[-6.6671, -4.0219]",TRUE
-6.67888236142393,-4.01006078402142,2.66882157740251,0.983,0.9915,0.017,5.87832144341175,"98.3% CI","[-6.6789, -4.0101]",TRUE
-6.69129877194411,-3.99764437350124,2.69365439844286,0.984,0.992,0.016,5.96578428466209,"98.4% CI","[-6.6913, -3.9976]",TRUE
-6.70441724645495,-3.98452589899041,2.71989134746454,0.985,0.9925,0.015,6.05889368905357,"98.5% CI","[-6.7044, -3.9845]",TRUE
-6.71833010227084,-3.97061304317451,2.74771705909633,0.986,0.993,0.014,6.15842936260448,"98.6% CI","[-6.7183, -3.9706]",TRUE
-6.73314958036465,-3.95579356508069,2.77735601528396,0.987,0.9935,0.013,6.26534456652099,"98.7% CI","[-6.7331, -3.9558]",TRUE
-6.74901409190893,-3.93992905353642,2.80908503837251,0.988,0.994,0.012,6.38082178394093,"98.8% CI","[-6.749, -3.9399]",TRUE
-6.7660971400215,-3.92284600542385,2.84325113459764,0.989,0.9945,0.011,6.50635266602479,"98.9% CI","[-6.7661, -3.9228]",TRUE
-6.78462042833433,-3.90432271711102,2.8802977112233,0.99,0.995,0.01,6.64385618977472,"99% CI","[-6.7846, -3.9043]",TRUE
-6.80487377293998,-3.88406937250537,2.92080440043461,0.991,0.9955,0.00900000000000001,6.79585928321977,"99.1% CI","[-6.8049, -3.8841]",TRUE
-6.82724657399715,-3.8616965714482,2.96555000254896,0.992,0.996,0.00800000000000001,6.96578428466209,"99.2% CI","[-6.8272, -3.8617]",TRUE
-6.85228001744975,-3.83666312799561,3.01561688945414,0.993,0.9965,0.00700000000000001,7.15842936260448,"99.3% CI","[-6.8523, -3.8367]",TRUE
-6.88075901702944,-3.80818412841591,3.07257488861352,0.994,0.997,0.006,7.38082178394093,"99.4% CI","[-6.8808, -3.8082]",TRUE
-6.91388708623279,-3.77505605921256,3.13883102702023,0.995,0.9975,0.005,7.64385618977472,"99.5% CI","[-6.9139, -3.7751]",TRUE
-6.95365480901584,-3.73528833642951,3.21836647258634,0.996,0.998,0.004,7.96578428466209,"99.6% CI","[-6.9537, -3.7353]",TRUE
-7.00373694836216,-3.68520619708319,3.31853075127897,0.997,0.9985,0.003,8.38082178394093,"99.7% CI","[-7.0037, -3.6852]",TRUE
-7.07222368470079,-3.61671946074456,3.45550422395623,0.998,0.999,0.002,8.96578428466209,"99.8% CI","[-7.0722, -3.6167]",TRUE
